SALE TYPE,SOLD DATE,PROPERTY TYPE,ADDRESS,CITY,STATE,ZIP,PRICE,BEDS,BATHS,LOCATION,SQUARE FEET,LOT SIZE,YEAR BUILT,DAYS ON MARKET,$/SQUARE FEET,HOA/MONTH,STATUS,NEXT OPEN HOUSE START TIME,NEXT OPEN HOUSE END TIME,URL (SEE http://www.redfin.com/buy-a-home/comparative-market-analysis FOR INFO ON PRICING),SOURCE,MLS#,FAVORITE,INTERESTED,LATITUDE,LONGITUDE
PAST SALE,May-31-2017,Condo/Co-op,445 Oak Grove Ave #7,MENLO PARK,CA,94025,1304000,3,2.0,MENLO PARK,1286,41888,1975,244,1014,482,Sold,,,http://www.redfin.com/CA/Menlo-Park/445-Oak-Grove-Ave-94025/unit-7/home/986369,MLSListings,ML81651132,N,Y,37.456481,-122.1822998
PAST SALE,June-27-2017,Townhouse,442 Sand Hill Cir,MENLO PARK,CA,94025,1730000,3,2.5,MENLO PARK,2070,1950,1974,217,836,500,Sold,,,http://www.redfin.com/CA/Menlo-Park/442-Sand-Hill-Cir-94025/home/1203879,MLSListings,ML81651291,N,Y,37.424015,-122.222982
PAST SALE,,Condo/Co-op,461 Burgess Dr Apt 10,Menlo Park,CA,94025,1058000,3,2.0,,1159,,1968,,913,,,,,http://www.redfin.com/CA/Menlo-Park/461-Burgess-Dr-94025/unit-10/home/985643,,,N,Y,37.4512184,-122.1752102
PAST SALE,March-3-2017,Single Family Residential,69 Yale Rd,MENLO PARK,CA,94025,3354000,2,1.0,MENLO PARK,1260,9750,1936,333,2662,,Sold,,,http://www.redfin.com/CA/Menlo-Park/69-Yale-Rd-94025/home/1250753,MLSListings,ML81638733,N,Y,37.4428382,-122.176822
PAST SALE,,Single Family Residential,890 Berkeley Ave,Menlo Park,CA,94025,5500000,3,1.0,,1970,43000,1941,,2792,,,,,http://www.redfin.com/CA/Menlo-Park/890-Berkeley-Ave-94025/home/854911,,,N,Y,37.46857,-122.163156
PAST SALE,February-9-2017,Single Family Residential,274 Willow Rd,MENLO PARK,CA,94025,1700000,3,3.0,MENLO PARK,1750,5000,1942,355,971,,Sold,,,http://www.redfin.com/CA/Menlo-Park/274-Willow-Rd-94025/home/1979951,MLSListings,ML81634717,Y,Y,37.4581525,-122.1618169
PAST SALE,February-21-2017,Single Family Residential,301 Homewood Pl,MENLO PARK,CA,94025,2205000,3,2.5,MENLO PARK,1665,2683,2011,343,1324,210,Sold,,,http://www.redfin.com/CA/Menlo-Park/301-Homewood-Pl-94025/home/39538650,MLSListings,ML81635499,Y,Y,37.4549913,-122.1689895
PAST SALE,February-22-2017,Condo/Co-op,21 Willow Rd #46,MENLO PARK,CA,94025,1200000,2,2.0,MENLO PARK,1100,,1976,342,1091,458,Sold,,,http://www.redfin.com/CA/Menlo-Park/21-Willow-Rd-94025/unit-46/home/112974959,MLSListings,ML81636719,N,Y,37.449976,-122.172932
PAST SALE,,Condo/Co-op,21 Willow Rd #46,Menlo Park,CA,94025,1200000,2,2.0,,704,,1976,,1705,,,,,http://www.redfin.com/CA/Menlo-Park/21-Willow-Rd-94025/unit-46/home/1884700,,,N,Y,37.449976,-122.172932
PAST SALE,February-27-2017,Single Family Residential,1305 Elder Ave,MENLO PARK,CA,94025,3550000,3,3.0,MENLO PARK,2370,11542,1954,337,1498,,Sold,,,http://www.redfin.com/CA/Menlo-Park/1305-Elder-Ave-94025/home/1909798,MLSListings,ML81636071,N,Y,37.4397338,-122.1984721
PAST SALE,March-6-2017,Single Family Residential,4 Surrey Ln,ATHERTON,CA,94027,5315000,4,4.5,ATHERTON,6243,39204,1912,330,851,,Sold,,,http://www.redfin.com/CA/Atherton/4-Surrey-Ln-94027/home/852523,MLSListings,ML81635908,N,Y,37.4637718,-122.184555
PAST SALE,,Single Family Residential,770 17th Ave,Menlo Park,CA,94025,1074000,2,1.0,,790,5350,1938,,1359,,,,,http://www.redfin.com/CA/Menlo-Park/770-17th-Ave-94025/home/1333454,,,N,Y,37.4749623,-122.189607
PAST SALE,March-20-2017,Condo/Co-op,1235 Mills St,MENLO PARK,CA,94025,950000,2,1.5,MENLO PARK,1070,,1971,316,888,460,Sold,,,http://www.redfin.com/CA/Menlo-Park/1235-Mills-St-94025/unit-5/home/985019,MLSListings,ML81638745,N,Y,37.456324,-122.184047
PAST SALE,March-27-2017,Single Family Residential,420 Durham St,MENLO PARK,CA,94025,2080000,3,2.0,MENLO PARK,2080,7000,1948,309,1000,,Sold,,,http://www.redfin.com/CA/Menlo-Park/420-Durham-St-94025/home/1898372,MLSListings,ML81626686,N,Y,37.4651242,-122.1561934
PAST SALE,,Single Family Residential,984 Creek Dr,Menlo Park,CA,94025,5250000,4,3.0,,3070,10850,1951,,1710,,,,,http://www.redfin.com/CA/Menlo-Park/984-Creek-Dr-94025/home/1584593,,,N,Y,37.4429384,-122.1759666
PAST SALE,February-10-2017,Condo/Co-op,461 Burgess Dr #10,MENLO PARK,CA,94025,1058000,2,2.0,MENLO PARK,1159,22544,1968,354,913,545,Sold,,,http://www.redfin.com/CA/Menlo-Park/461-Burgess-Dr-94025/unit-10/home/112970589,MLSListings,ML81636353,N,Y,37.4512183,-122.1752102
PAST SALE,May-25-2017,Condo/Co-op,2140 Santa Cruz Ave Unit A101,MENLO PARK,CA,94025,725000,2,2.0,MENLO PARK,960,,1978,250,755,696,Sold,,,http://www.redfin.com/CA/Menlo-Park/2140-Santa-Cruz-Ave-94025/unit-A101/home/113202147,MLSListings,ML81640230,N,Y,37.426409,-122.19473
PAST SALE,,Condo/Co-op,2140 Santa Cruz Ave Unit A-101,Menlo Park,CA,94025,725000,2,2.0,,960,,1978,,755,,,,,http://www.redfin.com/CA/Menlo-Park/2140-Santa-Cruz-Ave-94025/unit-A-101/home/2050888,,,N,Y,37.426409,-122.19473
PAST SALE,,Multi-Family (2-4 Unit),780 Roble Ave,Menlo Park,CA,94025,1225000,5,5.0,,3825,5000,1947,,320,,,,,http://www.redfin.com/CA/Menlo-Park/780-Roble-Ave-94025/home/1361586,,,N,Y,37.449833,-122.181823
PAST SALE,April-24-2017,Condo/Co-op,21 Willow Rd #26,MENLO PARK,CA,94025,691000,1,1.0,MENLO PARK,898,,1976,281,769,418,Sold,,,http://www.redfin.com/CA/Menlo-Park/21-Willow-Rd-94025/unit-26/home/1969546,MLSListings,ML81643066,N,Y,37.449976,-122.172932
PAST SALE,,Single Family Residential,136 Glenwood Ave,Atherton,CA,94027,5100000,3,3.0,,3030,56875,1953,,1683,,,,,http://www.redfin.com/CA/Atherton/136-Glenwood-Ave-94027/home/2049622,,,N,Y,37.4598258,-122.1835912
PAST SALE,July-19-2017,Single Family Residential,746 Partridge Ave,MENLO PARK,CA,94025,2377050,4,3.0,MENLO PARK,1609,4249,2015,195,1477,,Sold,,,http://www.redfin.com/CA/Menlo-Park/746-Partridge-Ave-94025/home/102829648,MLSListings,ML81649238,Y,Y,37.4474139,-122.1767657
PAST SALE,,Single Family Residential,772 Harvard Ave,Menlo Park,CA,94025,690000,3,3.0,,2342,7200,2016,,295,,,,,http://www.redfin.com/CA/Menlo-Park/772-Harvard-Ave-94025/home/1174456,,,N,Y,37.4459542,-122.1750329
PAST SALE,June-30-2017,Single Family Residential,848 College Ave,MENLO PARK,CA,94025,2498000,4,2.0,MENLO PARK,1900,7800,1914,214,1315,,Sold,,,http://www.redfin.com/CA/Menlo-Park/848-College-Ave-94025/home/1135688,MLSListings,ML81652189,N,Y,37.446823,-122.1790124
PAST SALE,May-29-2017,Condo/Co-op,150 Alma St #101,MENLO PARK,CA,94025,1375000,3,2.0,MENLO PARK,1513,35303,1975,246,909,769,Sold,,,http://www.redfin.com/CA/Menlo-Park/150-Alma-St-94025/unit-3/home/1884645,MLSListings,ML81646969,N,Y,37.4487463,-122.1714836
PAST SALE,May-30-2017,Condo/Co-op,445 Oak Grv #11,MENLO PARK,CA,94025,1341000,3,2.0,MENLO PARK,1286,41888,1975,245,1043,482,Sold,,,http://www.redfin.com/CA/Menlo-Park/445-Oak-Grove-Ave-94025/unit-11/home/1428091,MLSListings,ML81647851,N,Y,37.456481,-122.1822998
PAST SALE,,Condo/Co-op,672 Creek Dr #2,Menlo Park,CA,94025,3520000,4,4.0,,2590,,2002,,1359,,,,,http://www.redfin.com/CA/Menlo-Park/672-Creek-Dr-94025/unit-2/home/2052927,,,N,Y,37.4460315,-122.1732786
PAST SALE,,Condo/Co-op,746 Partridge Ave Unit 2 746-748,Menlo Park,CA,94025,2377500,4,3.0,,1609,,2015,,1478,,,,,http://www.redfin.com/CA/Menlo-Park/746-Partridge-Ave-94025/unit-2-746-748/home/109581510,,,N,Y,37.4474139,-122.1767657
PAST SALE,May-26-2017,Single Family Residential,755 Partridge Ave,MENLO PARK,CA,94025,2188000,3,2.5,MENLO PARK,1890,4450,1991,249,1158,,Sold,,,http://www.redfin.com/CA/Menlo-Park/755-Partridge-Ave-94025/home/2022912,MLSListings,ML81643989,N,Y,37.447001,-122.176261
PAST SALE,July-25-2017,Single Family Residential,692 Creek Dr,MENLO PARK,CA,94025,2100000,3,2.5,MENLO PARK,2587,13096,1989,189,812,150,Sold,,,http://www.redfin.com/CA/Menlo-Park/692-Creek-Dr-94025/unit-2/home/1243319,MLSListings,ML81652637,Y,Y,37.445932,-122.173534
PAST SALE,,Single Family Residential,705 Cambridge Ave,Menlo Park,CA,94025,3200000,3,1.0,,1240,8100,1948,,2581,,,,,http://www.redfin.com/CA/Menlo-Park/705-Cambridge-Ave-94025/home/890945,,,N,Y,37.4470912,-122.1748436
PAST SALE,,Single Family Residential,24 Anderson Way,Menlo Park,CA,94025,3200000,3,2.0,,3312,11500,1962,,966,,,,,http://www.redfin.com/CA/Menlo-Park/24-Anderson-Way-94025/home/1710706,,,N,Y,37.4224288,-122.1930284
PAST SALE,February-2-2017,Condo/Co-op,101 Alma St #1205,PALO ALTO,CA,94301,2700000,2,3.0,PALO ALTO,1750,,1960,362,1543,1180,Sold,,,http://www.redfin.com/CA/Palo-Alto/101-Alma-St-94301/unit-1205/home/589232,MLSListings,ML81635948,N,Y,37.4469854,-122.1682364
PAST SALE,February-8-2017,Single Family Residential,139 O'Connor St,MENLO PARK,CA,94025,3300000,5,3.5,MENLO PARK,2984,9454,2014,356,1106,,Sold,,,http://www.redfin.com/CA/Menlo-Park/139-O-Connor-St-94025/home/58397268,MLSListings,ML81636194,N,Y,37.4616722,-122.1506915
PAST SALE,March-8-2017,Single Family Residential,1049 Almanor Ave,MENLO PARK,CA,94025,975000,2,1.0,MENLO PARK,1700,7875,1946,328,574,,Sold,,,http://www.redfin.com/CA/Menlo-Park/1049-Almanor-Ave-94025/home/1823885,MLSListings,ML81631876,N,Y,37.4732263,-122.1635276
PAST SALE,February-15-2017,Single Family Residential,1220 Laurel Ave,EAST PALO ALTO,CA,94303,625000,3,1.0,EAST PALO ALTO,960,6000,1944,349,651,,Sold,,,http://www.redfin.com/CA/East-Palo-Alto/1220-Laurel-Ave-94303/home/1942744,MLSListings,ML81639079,N,Y,37.4722311,-122.1505569
PAST SALE,May-9-2017,Single Family Residential,308 Donohoe St,EAST PALO ALTO,CA,94303,1150000,4,2.5,EAST PALO ALTO,1800,4965,1987,266,639,,Sold,,,http://www.redfin.com/CA/East-Palo-Alto/308-Donohoe-St-94303/home/2037625,MLSListings,ML81646132,N,Y,37.4628543,-122.1481583
PAST SALE,June-20-2017,Townhouse,1985 Euclid Ave,MENLO PARK,CA,94025,1050000,3,2.5,MENLO PARK,1280,940,1985,224,820,225,Sold,,,http://www.redfin.com/CA/Menlo-Park/1985-Euclid-Ave-94025/home/1857483,MLSListings,ML81650787,N,Y,37.460282,-122.144996
PAST SALE,,Multi-Family (2-4 Unit),1496 W Bayshore Rd,East Palo Alto,CA,94303,1823000,6,6.0,,2820,6720,1960,,646,,,,,http://www.redfin.com/CA/East-Palo-Alto/1496-W-Bayshore-Rd-94303/home/2057473,,,N,Y,37.4620635,-122.144607
PAST SALE,,Condo/Co-op,453 E Okeefe St Apt 206,Palo Alto,CA,94303,672000,2,2.0,,1061,,2003,,633,,,,,http://www.redfin.com/CA/Palo-Alto/453-E-Okeefe-St-94303/unit-206/home/1873281,,,N,Y,37.4620602,-122.1453721
PAST SALE,October-25-2017,Condo/Co-op,453 E Okeefe St #307,EAST PALO ALTO,CA,94303,665000,2,2.0,EAST PALO ALTO,1061,30224,2003,97,627,296,Sold,,,http://www.redfin.com/CA/Palo-Alto/453-E-Okeefe-St-94303/unit-307/home/1008327,MLSListings,ML81672182,N,Y,37.4620602,-122.1453721
PAST SALE,April-5-2017,Condo/Co-op,480 E Okeefe St #208,EAST PALO ALTO,CA,94303,620500,3,1.0,EAST PALO ALTO,915,30995,1981,300,678,345,Sold,,,http://www.redfin.com/CA/East-Palo-Alto/480-E-Okeefe-St-94303/unit-208/home/1148094,MLSListings,ML81637866,N,Y,37.461221,-122.1451158
PAST SALE,June-2-2017,Condo/Co-op,1100 Sharon Park Dr #9,MENLO PARK,CA,94025,900000,2,2.0,MENLO PARK,1185,170575,1965,242,759,733,Sold,,,http://www.redfin.com/CA/Menlo-Park/1100-Sharon-Park-Dr-94025/unit-9/home/113716178,MLSListings,ML81646570,N,Y,37.4245263,-122.217699
PAST SALE,July-5-2017,Condo/Co-op,1100 Sharon Park Dr #35,MENLO PARK,CA,94025,1300000,3,2.0,MENLO PARK,1710,170575,1965,209,760,753,Sold,,,http://www.redfin.com/CA/Menlo-Park/1100-Sharon-Park-Dr-94025/unit-35/home/1520098,MLSListings,ML81656311,N,Y,37.4245263,-122.217699
PAST SALE,June-30-2017,Condo/Co-op,1230 Sharon Park Dr #59,MENLO PARK,CA,94025,1177000,2,2.0,MENLO PARK,1860,,1978,214,633,981,Sold,,,http://www.redfin.com/CA/Menlo-Park/1230-Sharon-Park-Dr-94025/unit-59/home/1030998,MLSListings,ML81640972,N,Y,37.4261774,-122.2176496
PAST SALE,July-10-2017,Single Family Residential,3127 Barney Ave,MENLO PARK,CA,94025,2900000,3,1.5,MENLO PARK,1190,10010,1953,204,2437,,Sold,,,http://www.redfin.com/CA/Menlo-Park/3127-Barney-Ave-94025/home/1091388,MLSListings,ML81651191,N,Y,37.4369,-122.207611
PAST SALE,,Single Family Residential,604 Sand Hill Cir,Menlo Park,CA,94025,875000,3,2.0,,2280,1950,1976,,384,,,,,http://www.redfin.com/CA/Menlo-Park/604-Sand-Hill-Cir-94025/home/2025069,,,N,Y,37.421756,-122.221682
PAST SALE,June-21-2017,Condo/Co-op,4 Mansion Ct #721,MENLO PARK,CA,94025,2368000,3,3.0,MENLO PARK,2850,,1975,223,831,1200,Sold,,,http://www.redfin.com/CA/Menlo-Park/4-Mansion-Ct-94025/unit-721/home/982570,MLSListings,ML81637728,N,Y,37.426452,-122.209844
PAST SALE,,Single Family Residential,1050 Siskiyou Dr,Menlo Park,CA,94025,8188500,8,5.0,,6822,14630,2016,,1200,,,,,http://www.redfin.com/CA/Menlo-Park/1050-Siskiyou-Dr-94025/home/1754224,,,N,Y,37.4239208,-122.2144762
PAST SALE,June-15-2017,Single Family Residential,1385 Altschul Ave,MENLO PARK,CA,94025,2100000,3,2.0,MENLO PARK,1740,7200,1956,229,1207,,Sold,,,http://www.redfin.com/CA/Menlo-Park/1385-Altschul-Ave-94025/home/896842,MLSListings,ML81650237,Y,Y,37.4320286,-122.2072501
PAST SALE,June-12-2017,Townhouse,228 Sand Hill Cir,MENLO PARK,CA,94025,1648000,4,2.5,MENLO PARK,2150,1820,1972,232,767,630,Sold,,,http://www.redfin.com/CA/Menlo-Park/228-Sand-Hill-Cir-94025/home/1195013,MLSListings,ML81641145,N,Y,37.425187,-122.221632
PAST SALE,,Townhouse,1255 Trinity Dr,Menlo Park,CA,94025,1600000,3,2.0,,2530,2482,1987,,632,,,,,http://www.redfin.com/CA/Menlo-Park/1255-Trinity-Dr-94025/home/1668684,,,N,Y,37.430815,-122.213412
PAST SALE,August-2-2017,Condo/Co-op,1230 Sharon Park Dr #55,MENLO PARK,CA,94025,1125000,2,2.0,MENLO PARK,1860,305239,1978,181,605,981,Sold,,,http://www.redfin.com/CA/Menlo-Park/1230-Sharon-Park-Dr-94025/unit-55/home/1262019,MLSListings,ML81654178,N,Y,37.4261774,-122.2176496
PAST SALE,August-11-2017,Townhouse,674 Sand Hill Cir,MENLO PARK,CA,94025,1610000,3,2.5,MENLO PARK,2260,1950,1976,172,712,500,Sold,,,http://www.redfin.com/CA/Menlo-Park/674-Sand-Hill-Cir-94025/home/2030076,MLSListings,ML81656270,N,Y,37.4218059,-122.220043
PAST SALE,August-11-2017,Single Family Residential,40 Montana Ln,MENLO PARK,CA,94025,4590000,4,3.0,MENLO PARK,3230,13300,2007,172,1421,,Sold,,,http://www.redfin.com/CA/Menlo-Park/40-Montana-Ln-94025/home/1479641,MLSListings,ML81672130,Y,Y,37.4382625,-122.2069031
PAST SALE,August-11-2017,Single Family Residential,1280 Bellair Way,MENLO PARK,CA,94025,3000000,4,3.5,MENLO PARK,2540,10000,1956,172,1181,,Sold,,,http://www.redfin.com/CA/Menlo-Park/1280-Bellair-Way-94025/home/1634286,MLSListings,ML81669171,N,Y,37.4313627,-122.206848
PAST SALE,,Condo/Co-op,1280 Sharon Park Dr Apt 37,Menlo Park,CA,94025,1251455,2,2.0,,1860,,1978,,673,,,,,http://www.redfin.com/CA/Menlo-Park/1280-Sharon-Park-Dr-94025/unit-37/home/987033,,,N,Y,37.426035,-122.2192007
PAST SALE,,Townhouse,15 Carriage Ct,Menlo Park,CA,94025,2200000,3,2.0,,2740,2970,1979,,803,,,,,http://www.redfin.com/CA/Menlo-Park/15-Carriage-Ct-94025/home/1809794,,,N,Y,37.426788,-122.21186
PAST SALE,November-14-2017,Single Family Residential,2060 Monterey Ave,MENLO PARK,CA,94025,2565000,4,2.0,MENLO PARK,1720,6000,1963,77,1491,,Sold,,,http://www.redfin.com/CA/Menlo-Park/2060-Monterey-Ave-94025/home/1361680,MLSListings,ML81678333,Y,Y,37.436121,-122.208195
PAST SALE,December-31-2017,Single Family Residential,17 Shasta Ln,MENLO PARK,CA,94025,3550000,4,3.0,MENLO PARK,2510,17200,1966,30,1414,,Sold,,,http://www.redfin.com/CA/Menlo-Park/17-Shasta-Ln-94025/home/1661258,MLSListings,ML81687763,N,Y,37.422892,-122.2154647
PAST SALE,December-12-2017,Single Family Residential,1075 Lassen Dr,MENLO PARK,CA,94025,3700000,4,2.5,MENLO PARK,2520,19800,1969,49,1468,,Sold,,,http://www.redfin.com/CA/Menlo-Park/1075-Lassen-Dr-94025/home/1686731,MLSListings,ML81683061,N,Y,37.428802,-122.2141381
PAST SALE,,Single Family Residential,2160 Mills Ave,Menlo Park,CA,94025,2110000,2,2.0,,1350,6000,1954,,1563,,,,,http://www.redfin.com/CA/Menlo-Park/2160-Mills-Ave-94025/home/1920843,,,N,Y,37.4356194,-122.2123369
PAST SALE,April-26-2017,Single Family Residential,260 Santa Margarita Ave,MENLO PARK,CA,94025,2295000,2,2.0,MENLO PARK,1340,11940,1947,279,1713,,Sold,,,http://www.redfin.com/CA/Menlo-Park/260-Santa-Margarita-Ave-94025/home/1454538,MLSListings,ML81643962,Y,Y,37.4583822,-122.1634719
PAST SALE,June-29-2017,Single Family Residential,408 Okeefe St,MENLO PARK,CA,94025,2050000,3,2.0,MENLO PARK,1570,7448,1947,215,1306,,Sold,,,http://www.redfin.com/CA/Menlo-Park/408-Okeefe-St-94025/home/1823856,MLSListings,ML81653299,N,Y,37.4638097,-122.1558114
PAST SALE,July-14-2017,Single Family Residential,404 Durham St,MENLO PARK,CA,94025,2200000,4,3.0,MENLO PARK,1926,7000,1947,200,1142,,Sold,,,http://www.redfin.com/CA/Menlo-Park/404-Durham-St-94025/home/1037545,MLSListings,ML81654514,N,Y,37.465001,-122.1553469
PAST SALE,September-29-2017,Single Family Residential,664 Nash Ave,MENLO PARK,CA,94025,2210000,3,2.0,MENLO PARK,1420,7000,1941,123,1556,,Sold,,,http://www.redfin.com/CA/Menlo-Park/664-Nash-Ave-94025/home/1567830,MLSListings,ML81676093,Y,Y,37.4594145,-122.1626634
PAST SALE,,Single Family Residential,758 Gilbert Ave,Menlo Park,CA,94025,2080000,3,2.0,,1350,6000,1947,,1541,,,,,http://www.redfin.com/CA/Menlo-Park/758-Gilbert-Ave-94025/home/855527,,,Y,Y,37.4612588,-122.1635944
PAST SALE,October-23-2017,Single Family Residential,480 Santa Margarita Ave,MENLO PARK,CA,94025,2820000,5,3.0,MENLO PARK,2620,6300,1952,99,1076,,Sold,,,http://www.redfin.com/CA/Menlo-Park/480-Santa-Margarita-Ave-94025/home/858284,MLSListings,ML81678289,N,Y,37.4612361,-122.1620105
PAST SALE,,Townhouse,597 Willow Rd,Menlo Park,CA,94025,1415000,3,2.0,,1637,10134,2000,,864,,,,,http://www.redfin.com/CA/Menlo-Park/597-Willow-Rd-94025/home/1420906,,,N,Y,37.4623819,-122.1595383
PAST SALE,November-1-2017,Single Family Residential,112 Clover Ln,MENLO PARK,CA,94025,2128000,3,2.0,MENLO PARK,1545,5940,1930,90,1377,,Sold,,,http://www.redfin.com/CA/Menlo-Park/112-Clover-Ln-94025/home/2022073,MLSListings,ML81671548,N,Y,37.4553728,-122.1630001
PAST SALE,,Single Family Residential,728 Regal Ct,Menlo Park,CA,94025,1395000,2,1.0,,1260,6580,1952,,1107,,,,,http://www.redfin.com/CA/Menlo-Park/728-Regal-Ct-94025/home/1936534,,,N,Y,37.4644521,-122.1550955
PAST SALE,October-27-2017,Single Family Residential,425 Concord Dr,MENLO PARK,CA,94025,2100000,2,1.5,MENLO PARK,1460,6670,1947,95,1438,,Sold,,,http://www.redfin.com/CA/Menlo-Park/425-Concord-Dr-94025/home/1250059,MLSListings,ML81680009,Y,Y,37.4575899,-122.1578726
PAST SALE,December-22-2017,Single Family Residential,15 Riordan Pl,MENLO PARK,CA,94025,4080000,5,4.5,MENLO PARK,3830,14030,1998,39,1065,,Sold,,,http://www.redfin.com/CA/Menlo-Park/15-Riordan-Pl-94025/home/1407645,MLSListings,ML81680016,N,Y,37.4627521,-122.1654616
PAST SALE,,Condo/Co-op,675 Sharon Park Dr Apt 130,Menlo Park,CA,94025,500000,2,2.0,,1098,,1968,,455,,,,,http://www.redfin.com/CA/Menlo-Park/675-Sharon-Park-Dr-94025/unit-130/home/1176947,,,N,Y,37.4224917,-122.2010545
PAST SALE,November-20-2017,Condo/Co-op,675 Sharon Park Dr #306,MENLO PARK,CA,94025,1310000,3,2.0,MENLO PARK,1266,232738,1968,71,1035,599,Sold,,,http://www.redfin.com/CA/Menlo-Park/675-Sharon-Park-Dr-94025/unit-306/home/983149,MLSListings,ML81683187,N,Y,37.4224917,-122.2010545
PAST SALE,April-3-2017,Single Family Residential,2 Brady Pl,MENLO PARK,CA,94025,4000000,4,3.5,MENLO PARK,3040,10650,1997,302,1316,,Sold,,,http://www.redfin.com/CA/Menlo-Park/2-Brady-Pl-94025/home/1845386,MLSListings,ML81643038,N,Y,37.4618542,-122.1677321
PAST SALE,April-17-2017,Single Family Residential,1215 Hollyburne Ave,MENLO PARK,CA,94025,955000,3,2.0,MENLO PARK,1100,5750,1951,288,868,,Sold,,,http://www.redfin.com/CA/Menlo-Park/1215-Hollyburne-Ave-94025/home/2047720,MLSListings,ML81643860,N,Y,37.4747122,-122.1584279
PAST SALE,March-16-2017,Single Family Residential,570 Berkeley Ave,MENLO PARK,CA,94025,3190000,5,2.0,MENLO PARK,2410,31388,1964,320,1324,,Sold,,,http://www.redfin.com/CA/Menlo-Park/570-Berkeley-Ave-94025/home/1567788,MLSListings,ML81636362,N,Y,37.4649272,-122.1652254
PAST SALE,May-10-2017,Single Family Residential,1031 Henderson Ave,MENLO PARK,CA,94025,2300000,4,3.0,MENLO PARK,2546,6500,1937,265,903,,Sold,,,http://www.redfin.com/CA/Menlo-Park/1031-Henderson-Ave-94025/home/1984284,MLSListings,ML81640225,N,Y,37.4717075,-122.1620576
PAST SALE,,Single Family Residential,1129 Henderson Ave,Menlo Park,CA,94025,237000,3,2.0,,1390,5750,1950,,171,,,,,http://www.redfin.com/CA/Menlo-Park/1129-Henderson-Ave-94025/home/2009441,,,N,Y,37.4738634,-122.1609684
PAST SALE,,Single Family Residential,1131 Menlo Oaks Dr,Menlo Park,CA,94025,1140000,3,1.0,,1160,8352,1953,,983,,,,,http://www.redfin.com/CA/Menlo-Park/1131-Menlo-Oaks-Dr-94025/home/858917,,,N,Y,37.4748073,-122.163551
PAST SALE,May-9-2017,Single Family Residential,1028 Alberni St,EAST PALO ALTO,CA,94303,750000,3,1.0,EAST PALO ALTO,980,3567,1962,266,765,,Sold,,,http://www.redfin.com/CA/East-Palo-Alto/1028-Alberni-St-94303/home/1793394,MLSListings,ML81643437,N,Y,37.4734539,-122.1508491
PAST SALE,,Single Family Residential,526 Central Ave,Menlo Park,CA,94025,2070000,3,2.0,,1652,7000,1927,,1253,,,,,http://www.redfin.com/CA/Menlo-Park/526-Central-Ave-94025/home/861167,,,N,Y,37.4612358,-122.1530444
PAST SALE,March-22-2017,Single Family Residential,209 Pearl Ln,MENLO PARK,CA,94025,2225000,4,3.5,MENLO PARK,1951,3261,2008,314,1140,210,Sold,,,http://www.redfin.com/CA/Menlo-Park/209-Pearl-Ln-94025/home/28919032,MLSListings,ML81639276,N,Y,37.454079,-122.1677729
PAST SALE,April-28-2017,Single Family Residential,1263 Madera Ave,MENLO PARK,CA,94025,765000,3,1.5,MENLO PARK,1310,5640,1948,277,584,,Sold,,,http://www.redfin.com/CA/Menlo-Park/1263-Madera-Ave-94025/home/2037568,MLSListings,ML81641726,N,Y,37.4757564,-122.1556889
PAST SALE,,Single Family Residential,1036 Menlo Oaks Dr,Menlo Park,CA,94025,1700000,2,1.0,,1370,6250,1939,,1241,,,,,http://www.redfin.com/CA/Menlo-Park/1036-Menlo-Oaks-Dr-94025/home/1926620,,,N,Y,37.4721159,-122.1646773
PAST SALE,May-8-2017,Single Family Residential,422 Concord Dr,Menlo Park,CA,94025,1940600,2,1.0,Menlo Park,,7900,1947,267,,,Sold,,,http://www.redfin.com/CA/Menlo-Park/422-Concord-Dr-94025/home/1276899,San Francisco MLS,456186,Y,Y,37.4580184,-122.157576
PAST SALE,June-26-2017,Single Family Residential,508 Pope St,MENLO PARK,CA,94025,2460000,4,2.0,MENLO PARK,2213,6450,1951,218,1112,,Sold,,,http://www.redfin.com/CA/Menlo-Park/508-Pope-St-94025/home/1700541,MLSListings,ML81654246,N,Y,37.460883,-122.1554093
PAST SALE,,Condo/Co-op,165 Okeefe St Apt 6,Menlo Park,CA,94025,680000,2,1.0,,1182,,1983,,575,,,,,http://www.redfin.com/CA/Menlo-Park/165-Okeefe-St-94025/unit-6/home/1976966,,,N,Y,37.4627839,-122.1505527
PAST SALE,July-12-2017,Single Family Residential,219 Durham St,MENLO PARK,CA,94025,1600000,2,1.0,MENLO PARK,1100,7000,1950,202,1455,,Sold,,,http://www.redfin.com/CA/Menlo-Park/219-Durham-St-94025/home/1909577,MLSListings,ML81652525,N,Y,37.4643064,-122.1535004
PAST SALE,July-11-2017,Single Family Residential,316 Laurel Ave,MENLO PARK,CA,94025,2405000,3,2.0,MENLO PARK,1590,7840,1953,203,1513,,Sold,,,http://www.redfin.com/CA/Menlo-Park/316-Laurel-Ave-94025/home/859469,MLSListings,ML81654208,Y,Y,37.4583195,-122.1550295
PAST SALE,,Multi-Family (2-4 Unit),224 Donohoe St,East Palo Alto,CA,94303,1275000,2,1.0,,,7897,1956,,,,,,,http://www.redfin.com/CA/East-Palo-Alto/224-Donohoe-St-94303/home/1556588,,,N,Y,37.463127,-122.149507
PAST SALE,June-2-2017,Single Family Residential,610 Hamilton Ave,MENLO PARK,CA,94025,914500,2,1.0,MENLO PARK,910,6000,1952,242,1005,,Sold,,,http://www.redfin.com/CA/Menlo-Park/610-Hamilton-Ave-94025/home/2041103,MLSListings,ML81648999,N,Y,37.4789767,-122.1577168
PAST SALE,June-9-2017,Single Family Residential,1052 Sonoma Ave,MENLO PARK,CA,94025,1753100,3,1.0,MENLO PARK,1030,6000,1949,235,1702,,Sold,,,http://www.redfin.com/CA/Menlo-Park/1052-Sonoma-Ave-94025/home/857650,MLSListings,ML81648815,Y,Y,37.4739896,-122.1669002
PAST SALE,July-25-2017,Single Family Residential,1031 Almanor Ave,MENLO PARK,CA,94025,1815000,3,1.0,MENLO PARK,1204,6018,1947,189,1507,,Sold,,,http://www.redfin.com/CA/Menlo-Park/1031-Almanor-Ave-94025/home/1479155,MLSListings,ML81656570,Y,Y,37.4721085,-122.1641896
PAST SALE,July-24-2017,Single Family Residential,1401 Sage St,MENLO PARK,CA,94025,1450008,4,3.0,MENLO PARK,2010,3892,2007,190,721,,Sold,,,http://www.redfin.com/CA/Menlo-Park/1401-Sage-St-94025/home/17307514,MLSListings,ML81629072,N,Y,37.4787463,-122.1601198
PAST SALE,July-12-2017,Single Family Residential,807 Bay Rd,MENLO PARK,CA,94025,1220000,2,1.0,MENLO PARK,900,4920,1923,202,1356,,Sold,,,http://www.redfin.com/CA/Menlo-Park/807-Bay-Rd-94025/home/1324270,MLSListings,ML81654529,N,Y,37.4697051,-122.1581641
PAST SALE,June-9-2017,Single Family Residential,1104 Sevier Ave,MENLO PARK,CA,94025,808000,2,1.0,MENLO PARK,820,5175,1949,235,985,,Sold,,,http://www.redfin.com/CA/Menlo-Park/1104-Sevier-Ave-94025/home/855797,MLSListings,ML81650026,N,Y,37.4715459,-122.158388
PAST SALE,August-1-2017,Single Family Residential,1376 University Ave,PALO ALTO,CA,94301,1920000,2,1.0,PALO ALTO,1011,6039,1951,182,1899,,Sold,,,http://www.redfin.com/CA/Palo-Alto/1376-University-Ave-94301/home/1559512,MLSListings,ML81667121,N,Y,37.4550554,-122.1484976
PAST SALE,July-31-2017,Single Family Residential,1420 Chilco St,MENLO PARK,CA,94025,990000,3,1.0,MENLO PARK,910,5280,1953,183,1088,,Sold,,,http://www.redfin.com/CA/Menlo-Park/1420-Chilco-St-94025/home/1816086,MLSListings,ML81667603,N,Y,37.4787389,-122.1609916
PAST SALE,,Single Family Residential,1010 Hollyburne Ave,Menlo Park,CA,94025,1410000,4,2.0,,1848,7130,1948,,763,,,,,http://www.redfin.com/CA/Menlo-Park/1010-Hollyburne-Ave-94025/home/1726703,,,N,Y,37.4702367,-122.1601548
PAST SALE,May-15-2017,Single Family Residential,6 Pepperwood,MENLO PARK,CA,94025,4600000,4,4.5,MENLO PARK,3745,14166,1998,260,1228,,Sold,,,http://www.redfin.com/CA/Menlo-Park/6-Pepperwood-Ct-94025/home/1953059,MLSListings,ML81648188,N,Y,37.4606222,-122.1652856
PAST SALE,,Single Family Residential,1068 Tehama Ave,Menlo Park,CA,94025,326818,3,1.0,,1280,5200,1951,,255,,,,,http://www.redfin.com/CA/Menlo-Park/1068-Tehama-Ave-94025/home/1162650,,,N,Y,37.4747295,-122.1676395
PAST SALE,August-17-2017,Single Family Residential,1041 Sonoma Ave,MENLO PARK,CA,94025,1870000,3,1.0,MENLO PARK,1240,6000,1947,166,1508,,Sold,,,http://www.redfin.com/CA/Menlo-Park/1041-Sonoma-Ave-94025/home/1892581,MLSListings,ML81670885,Y,Y,37.4735142,-122.1677158
PAST SALE,August-17-2017,Single Family Residential,1051 Menlo Oaks Dr,MENLO PARK,CA,94025,1570000,2,1.0,MENLO PARK,950,7000,1945,166,1653,,Sold,,,http://www.redfin.com/CA/Menlo-Park/1051-Menlo-Oaks-Dr-94025/home/2041252,MLSListings,ML81669175,N,Y,37.4731081,-122.1645905
PAST SALE,August-15-2017,Single Family Residential,166 Seminary Dr,MENLO PARK,CA,94025,4300000,5,3.5,MENLO PARK,3530,15301,1999,168,1218,,Sold,,,http://www.redfin.com/CA/Menlo-Park/166-Seminary-Dr-94025/home/1470889,MLSListings,ML81673020,Y,Y,37.461526,-122.1668611
PAST SALE,August-17-2017,Single Family Residential,414 Oconnor St,MENLO PARK,CA,94025,2205000,3,2.0,MENLO PARK,1677,10223,1926,166,1315,,Sold,,,http://www.redfin.com/CA/Menlo-Park/414-O-Connor-St-94025/home/17307870,MLSListings,ML81669178,Y,Y,37.4600917,-122.1470218
PAST SALE,August-16-2017,Single Family Residential,337 Central Ave,MENLO PARK,CA,94025,2565000,3,2.0,MENLO PARK,1782,7050,1953,167,1439,,Sold,,,http://www.redfin.com/CA/Menlo-Park/337-Central-Ave-94025/home/859480,MLSListings,ML81655236,N,Y,37.4586643,-122.154263
PAST SALE,August-24-2017,Single Family Residential,1260 University Ave,PALO ALTO,CA,94301,2675000,3,2.0,PALO ALTO,1665,6630,1952,159,1607,,Sold,,,http://www.redfin.com/CA/Palo-Alto/1260-University-Ave-94301/home/1573688,MLSListings,ML81669750,N,Y,37.4554573,-122.1501625
PAST SALE,August-21-2017,Single Family Residential,170 Terminal Ave,MENLO PARK,CA,94025,955000,3,1.0,MENLO PARK,910,5000,1952,162,1049,,Sold,,,http://www.redfin.com/CA/Menlo-Park/170-Terminal-Ave-94025/home/1239852,MLSListings,ML81669866,N,Y,37.4781434,-122.1664774
PAST SALE,May-30-2017,Single Family Residential,421 Hamilton Ave,MENLO PARK,CA,94025,1020000,4,2.0,MENLO PARK,1600,6651,1950,245,638,,Sold,,,http://www.redfin.com/CA/Menlo-Park/421-Hamilton-Ave-94025/home/1850311,MLSListings,ML81631061,N,Y,37.4780379,-122.1622817
PAST SALE,October-12-2017,Condo/Co-op,453 E Okeefe St #206,EAST PALO ALTO,CA,94303,672000,2,2.0,EAST PALO ALTO,1061,30224,2003,110,633,295,Sold,,,http://www.redfin.com/CA/Palo-Alto/453-E-Okeefe-St-94303/unit-206/home/113797710,MLSListings,ML81679242,N,Y,37.4620602,-122.1453721
PAST SALE,May-5-2017,Single Family Residential,532 Hamilton Ave,MENLO PARK,CA,94025,1050000,4,3.0,MENLO PARK,1410,6650,1953,270,745,,Sold,,,http://www.redfin.com/CA/Menlo-Park/532-Hamilton-Ave-94025/home/1202115,MLSListings,ML81636903,N,Y,37.4784304,-122.1597383
PAST SALE,,Single Family Residential,324 Ivy Dr,Menlo Park,CA,94025,700000,3,1.0,,880,5750,1952,,795,,,,,http://www.redfin.com/CA/Menlo-Park/324-Ivy-Dr-94025/home/1470324,,,N,Y,37.4756108,-122.1626698
PAST SALE,,Single Family Residential,212 Morgan Ln,Menlo Park,CA,94025,2200000,4,3.0,,1951,2220,2008,,1128,,,,,http://www.redfin.com/CA/Menlo-Park/212-Morgan-Ln-94025/home/21967796,,,Y,Y,37.4544822,-122.1678869
PAST SALE,April-21-2017,Single Family Residential,598 Hamilton Ave,MENLO PARK,CA,94025,1356000,5,3.0,MENLO PARK,2890,6800,1980,284,469,,Sold,,,http://www.redfin.com/CA/Menlo-Park/598-Hamilton-Ave-94025/home/1015176,MLSListings,ML81642600,N,Y,37.478937,-122.1583001
PAST SALE,April-14-2017,Single Family Residential,1375 Hollyburne Ave,MENLO PARK,CA,94025,1160000,4,2.0,MENLO PARK,1350,7820,1951,291,859,,Sold,,,http://www.redfin.com/CA/Menlo-Park/1375-Hollyburne-Ave-94025/home/821155,MLSListings,ML81642805,N,Y,37.4788169,-122.1563182
PAST SALE,April-11-2017,Single Family Residential,304 Oakwood Pl,MENLO PARK,CA,94025,2450000,4,3.0,MENLO PARK,2500,6954,1946,294,980,,Sold,,,http://www.redfin.com/CA/Menlo-Park/304-Oakwood-Pl-94025/home/1898392,MLSListings,ML81643553,N,Y,37.4733161,-122.1692943
PAST SALE,June-29-2017,Single Family Residential,16 Kirkwood Ct,EAST PALO ALTO,CA,94303,975000,3,2.0,EAST PALO ALTO,1150,12600,1956,215,848,,Sold,,,http://www.redfin.com/CA/East-Palo-Alto/16-Kirkwood-Ct-94303/home/2027466,MLSListings,ML81653915,N,Y,37.4744902,-122.145908
PAST SALE,July-13-2017,Single Family Residential,341 O'Connor St,MENLO PARK,CA,94025,1711000,3,2.0,MENLO PARK,1689,5980,1977,201,1013,,Sold,,,http://www.redfin.com/CA/Menlo-Park/341-O-Connor-St-94025/home/1479279,MLSListings,ML81655558,N,Y,37.4610957,-122.1478277
PAST SALE,September-12-2017,Single Family Residential,1047 Menlo Oaks Dr,MENLO PARK,CA,94025,2152000,4,2.0,MENLO PARK,1812,6200,1940,140,1188,,Sold,,,http://www.redfin.com/CA/Menlo-Park/1047-Menlo-Oaks-Dr-94025/home/857770,MLSListings,ML81673000,N,Y,37.4728984,-122.1648001
PAST SALE,September-19-2017,Single Family Residential,1122 Carlton Ave,MENLO PARK,CA,94025,1120000,3,1.0,MENLO PARK,1100,6000,1951,133,1018,,Sold,,,http://www.redfin.com/CA/Menlo-Park/1122-Carlton-Ave-94025/home/1942735,MLSListings,ML81675534,N,Y,37.4713432,-122.1563378
PAST SALE,September-15-2017,Single Family Residential,809 Paulson Cir,MENLO PARK,CA,94025,2980000,4,2.5,MENLO PARK,2300,5829,2009,137,1296,150,Sold,,,http://www.redfin.com/CA/Menlo-Park/809-Paulson-Cir-94025/home/21967973,MLSListings,ML81675709,Y,Y,37.4536612,-122.1656968
PAST SALE,September-25-2017,Single Family Residential,237 Santa Margarita,MENLO PARK,CA,94025,2280000,3,2.0,MENLO PARK,1870,7095,1948,127,1219,,Sold,,,http://www.redfin.com/CA/Menlo-Park/237-Santa-Margarita-Ave-94025/home/1600694,MLSListings,ML81674815,Y,Y,37.4581336,-122.1642258
PAST SALE,October-10-2017,Condo/Co-op,315 Poe St,PALO ALTO,CA,94301,870000,1,1.0,PALO ALTO,737,1260,1960,112,1180,165,Sold,,,http://www.redfin.com/CA/Palo-Alto/315-Poe-St-94301/home/671859,MLSListings,ML81675358,N,Y,37.449916,-122.167015
PAST SALE,,Single Family Residential,206 Donohoe St,East Palo Alto,CA,94303,957000,2,1.0,,1187,9130,1936,,806,,,,,http://www.redfin.com/CA/East-Palo-Alto/206-Donohoe-St-94303/home/2032335,,,N,Y,37.463111,-122.149836
PAST SALE,November-21-2017,Single Family Residential,318 Pope St,MENLO PARK,CA,94025,2350000,3,2.0,MENLO PARK,1440,8840,1923,70,1632,,Sold,,,http://www.redfin.com/CA/Menlo-Park/318-Pope-St-94025/home/1144986,MLSListings,ML81681285,Y,Y,37.4584912,-122.1563385
PAST SALE,November-17-2017,Single Family Residential,208 Donohoe St,EAST PALO ALTO,CA,94303,1260000,5,2.0,EAST PALO ALTO,1980,5185,1940,74,636,,Sold,,,http://www.redfin.com/CA/East-Palo-Alto/208-Donohoe-St-94303/home/866676,MLSListings,ML81668263,N,Y,37.463212,-122.149892
PAST SALE,,Single Family Residential,308 Chester St,Menlo Park,CA,94025,342273,3,2.0,,1790,5760,1947,,191,,,,,http://www.redfin.com/CA/Menlo-Park/308-Chester-St-94025/home/2020202,,,N,Y,37.4657702,-122.1542867
PAST SALE,October-20-2017,Single Family Residential,11 Iris Ln,MENLO PARK,CA,94025,1260000,4,1.5,MENLO PARK,1330,5220,1946,102,947,,Sold,,,http://www.redfin.com/CA/Menlo-Park/11-Iris-Ln-94025/home/2006041,MLSListings,ML81677605,N,Y,37.4759668,-122.1682575
PAST SALE,October-23-2017,Single Family Residential,180 Hanna Way,MENLO PARK,CA,94025,3850000,4,3.5,MENLO PARK,3040,10825,1998,99,1266,,Sold,,,http://www.redfin.com/CA/Menlo-Park/180-Hanna-Way-94025/home/1240527,MLSListings,ML81677086,N,Y,37.4627528,-122.1666606
PAST SALE,November-15-2017,Single Family Residential,1212 Hollyburne Ave,MENLO PARK,CA,94025,1100000,3,1.0,MENLO PARK,1020,5750,1951,76,1078,,Sold,,,http://www.redfin.com/CA/Menlo-Park/1212-Hollyburne-Ave-94025/home/2049624,MLSListings,ML81682417,N,Y,37.4744236,-122.1580168
PAST SALE,November-2-2017,Single Family Residential,919 Laurel Ave,MENLO PARK,CA,94025,1670000,2,1.0,MENLO PARK,1090,8160,1946,89,1532,,Sold,,,http://www.redfin.com/CA/Menlo-Park/919-Laurel-Ave-94025/home/857033,MLSListings,ML81678071,N,Y,37.4663955,-122.1539315
PAST SALE,November-15-2017,Single Family Residential,336 Grayson Ct,MENLO PARK,CA,94025,1176000,2,2.0,MENLO PARK,1250,6500,1951,76,941,,Sold,,,http://www.redfin.com/CA/Menlo-Park/336-Grayson-Ct-94025/home/1992007,MLSListings,ML81682759,N,Y,37.4669603,-122.1550873
PAST SALE,October-31-2017,Townhouse,600 Willow Rd #9,MENLO PARK,CA,94025,1560000,3,2.5,MENLO PARK,1581,62072,1996,91,987,400,Sold,,,http://www.redfin.com/CA/Menlo-Park/600-Willow-Rd-94025/unit-9/home/1764517,MLSListings,ML81678848,N,Y,37.4624557,-122.1588825
PAST SALE,November-7-2017,Single Family Residential,799 Berkeley Ave,MENLO PARK,CA,94025,6950000,6,6.5,MENLO PARK,6157,24054,2017,84,1129,,Sold,,,http://www.redfin.com/CA/Menlo-Park/799-Berkeley-Ave-94025/home/143944542,MLSListings,ML81675185,N,Y,37.4678978,-122.1655231
PAST SALE,November-24-2017,Single Family Residential,655 Gilbert Ave,MENLO PARK,CA,94025,2475000,4,2.0,MENLO PARK,1710,8925,1964,67,1447,,Sold,,,http://www.redfin.com/CA/Menlo-Park/655-Gilbert-Ave-94025/home/1173813,MLSListings,ML81681424,Y,Y,37.4602378,-122.1618312
PAST SALE,November-28-2017,Single Family Residential,1344 Madera Ave,MENLO PARK,CA,94025,1450000,3,2.0,MENLO PARK,1360,6000,1948,63,1066,,Sold,,,http://www.redfin.com/CA/Menlo-Park/1344-Madera-Ave-94025/home/821981,MLSListings,ML81682696,N,Y,37.4776024,-122.1542741
PAST SALE,November-21-2017,Single Family Residential,8 Gertrude Ct,EAST PALO ALTO,CA,94303,900000,3,2.0,EAST PALO ALTO,1150,4950,1956,70,783,,Sold,,,http://www.redfin.com/CA/East-Palo-Alto/8-Gertrude-Ct-94303/home/1135096,MLSListings,ML81679578,N,Y,37.4749942,-122.1440558
PAST SALE,November-17-2017,Single Family Residential,154 Linfield Dr,MENLO PARK,CA,94025,2260880,4,3.5,MENLO PARK,1819,2550,2008,74,1243,210,Sold,,,http://www.redfin.com/CA/Menlo-Park/154-Linfield-Dr-94025/home/17307635,MLSListings,ML81682182,Y,Y,37.4551874,-122.1685504
PAST SALE,November-17-2017,Condo/Co-op,480 E Okeefe St #205,EAST PALO ALTO,CA,94303,470000,1,1.0,EAST PALO ALTO,537,30995,1981,74,875,345,Sold,,,http://www.redfin.com/CA/East-Palo-Alto/480-E-Okeefe-St-94303/unit-205/home/2059447,MLSListings,ML81677592,N,Y,37.461221,-122.1451159
PAST SALE,May-30-2017,Condo/Co-op,480 E Okeefe St #317,EAST PALO ALTO,CA,94303,495000,1,1.0,EAST PALO ALTO,613,30995,1981,245,808,345,Sold,,,http://www.redfin.com/CA/East-Palo-Alto/480-E-Okeefe-St-94303/unit-317/home/2050886,MLSListings,ML81646358,N,Y,37.461221,-122.1451159
PAST SALE,November-29-2017,Single Family Residential,1384 Madera Ave,MENLO PARK,CA,94025,1328000,4,2.0,MENLO PARK,1480,6048,1948,62,897,,Sold,,,http://www.redfin.com/CA/Menlo-Park/1384-Madera-Ave-94025/home/1649594,MLSListings,ML81681376,N,Y,37.4788691,-122.1536247
PAST SALE,December-1-2017,Single Family Residential,213 Blackburn Ave,MENLO PARK,CA,94025,2600000,3,2.0,MENLO PARK,1720,8208,1947,60,1512,,Sold,,,http://www.redfin.com/CA/Menlo-Park/213-Blackburn-Ave-94025/home/1497946,MLSListings,ML81681939,N,Y,37.4549985,-122.1613914
PAST SALE,December-11-2017,Multi-Family (2-4 Unit),220 Donohoe St,EAST PALO ALTO,CA,94303,1700000,4,,EAST PALO ALTO,2908,7884,1960,50,585,,Sold,,,http://www.redfin.com/CA/East-Palo-Alto/220-Donohoe-St-94303/home/2052476,MLSListings,ML81680055,N,Y,37.463337,-122.1494747
PAST SALE,,Townhouse,165 Okeefe St Apt 13,Menlo Park,CA,94025,760000,2,1.5,,1182,43151,1983,,643,,,,,http://www.redfin.com/CA/Menlo-Park/165-Okeefe-St-94025/unit-13/home/990063,,,N,Y,37.4627839,-122.1505527
PAST SALE,October-13-2017,Townhouse,600 Willow Rd #5,MENLO PARK,CA,94025,1530000,3,2.5,MENLO PARK,1680,62072,1996,109,911,400,Sold,,,http://www.redfin.com/CA/Menlo-Park/600-Willow-Rd-94025/unit-5/home/1354531,MLSListings,ML81676891,Y,Y,37.4624557,-122.1588825
PAST SALE,September-7-2017,Condo/Co-op,480 E Okeefe St #202,EAST PALO ALTO,CA,94303,540000,1,1.0,EAST PALO ALTO,627,30995,1981,145,861,345,Sold,,,http://www.redfin.com/CA/East-Palo-Alto/480-E-Okeefe-St-94303/unit-202/home/1746141,MLSListings,ML81668603,N,Y,37.461221,-122.1451158
PAST SALE,June-8-2017,Single Family Residential,417 Laurel Ave,MENLO PARK,CA,94025,3155000,4,2.5,MENLO PARK,2055,9095,1921,236,1535,,Sold,,,http://www.redfin.com/CA/Menlo-Park/417-Laurel-Ave-94025/home/2054398,MLSListings,ML81649053,N,Y,37.4600182,-122.1551426
PAST SALE,January-5-2018,Single Family Residential,465/469 Ruthven Ave,PALO ALTO,CA,94301,3500000,4,3.0,PALO ALTO,2000,7500,1980,25,1750,,Sold,,,http://www.redfin.com/CA/Palo-Alto/469-Ruthven-Ave-94301/home/144481455,MLSListings,ML81686992,N,Y,37.4511742,-122.1641978
PAST SALE,,Single Family Residential,465 Ruthven Ave,Palo Alto,CA,94301,3500000,3,2.0,,1280,7500,1980,,2734,,,,,http://www.redfin.com/CA/Palo-Alto/465-Ruthven-Ave-94301/home/589329,,,N,Y,37.451121,-122.164523
PAST SALE,December-18-2017,Single Family Residential,1312 Carlton Ave,MENLO PARK,CA,94025,1175000,2,3.0,MENLO PARK,1160,6000,1949,43,1013,,Sold,,,http://www.redfin.com/CA/Menlo-Park/1312-Carlton-Ave-94025/home/1624913,MLSListings,ML81685122,N,Y,37.4765377,-122.1537186
PAST SALE,December-29-2017,Single Family Residential,407 Laurel Ave,MENLO PARK,CA,94025,3600000,5,4.5,MENLO PARK,3000,8750,2017,32,1200,,Sold,,,http://www.redfin.com/CA/Menlo-Park/407-Laurel-Ave-94025/home/1742478,MLSListings,ML81684557,N,Y,37.459552,-122.155389
PAST SALE,December-21-2017,Single Family Residential,256 Marmona Dr,MENLO PARK,CA,94025,2600000,3,2.0,MENLO PARK,1500,5060,1948,40,1733,,Sold,,,http://www.redfin.com/CA/Menlo-Park/256-Marmona-Dr-94025/home/1454549,MLSListings,ML81685322,N,Y,37.4572254,-122.1599061
PAST SALE,January-29-2018,Single Family Residential,438 Chaucer St,PALO ALTO,CA,94301,7199500,4,4.5,PALO ALTO,4686,14210,1955,1,1536,,Sold,,,http://www.redfin.com/CA/Palo-Alto/438-Chaucer-St-94301/home/542227,MLSListings,ML81688611,N,Y,37.4558438,-122.1529417
PAST SALE,July-26-2017,Single Family Residential,161 Willow Rd,MENLO PARK,CA,94025,2725000,5,4.0,MENLO PARK,2766,8660,2016,188,985,,Sold,,,http://www.redfin.com/CA/Menlo-Park/161-Willow-Rd-94025/home/101820403,MLSListings,ML81639918,N,Y,37.4560236,-122.1636136
PAST SALE,March-16-2017,Single Family Residential,514 8th Ave,MENLO PARK,CA,94025,1410000,2,1.0,MENLO PARK,1210,8025,1965,320,1165,,Sold,,,http://www.redfin.com/CA/Menlo-Park/514-Eighth-Ave-94025/home/2020156,MLSListings,ML81636377,N,Y,37.4742478,-122.1994287
PAST SALE,March-17-2017,Single Family Residential,18 Patterson Ave,MENLO PARK,CA,94025,2200000,2,2.0,MENLO PARK,1540,6300,1938,319,1429,,Sold,,,http://www.redfin.com/CA/Menlo-Park/18-Patterson-Ave-94025/home/1968141,MLSListings,ML81637519,N,Y,37.440218,-122.206552
PAST SALE,March-27-2017,Single Family Residential,624 11th Ave,MENLO PARK,CA,94025,1285000,3,1.5,MENLO PARK,1520,5350,1966,309,845,,Sold,,,http://www.redfin.com/CA/Menlo-Park/624-Eleventh-Ave-94025/home/1524159,MLSListings,ML81638552,N,Y,37.4746393,-122.1961121
PAST SALE,April-17-2017,Single Family Residential,202 Ravenswood Ave,MENLO PARK,CA,94025,1525000,3,2.5,MENLO PARK,1840,2500,1964,288,829,300,Sold,,,http://www.redfin.com/CA/Menlo-Park/202-Ravenswood-Ave-94025/home/2043099,MLSListings,ML81647064,N,Y,37.458139,-122.177633
PAST SALE,,Single Family Residential,233 Arden Rd,Menlo Park,CA,94025,2580000,2,1.0,,1270,9450,1938,,2031,,,,,http://www.redfin.com/CA/Menlo-Park/233-Arden-Rd-94025/home/1942715,,,N,Y,37.4625963,-122.188693
PAST SALE,April-4-2017,Single Family Residential,1350 Elder Ave,MENLO PARK,CA,94025,2995000,3,2.0,MENLO PARK,1680,10500,1955,301,1783,,Sold,,,http://www.redfin.com/CA/Menlo-Park/1350-Elder-Ave-94025/home/1471188,MLSListings,ML81642051,N,Y,37.4405477,-122.1988979
PAST SALE,,Single Family Residential,617 Partridge Ave,Menlo Park,CA,94025,475000,3,1.0,,1820,9450,1917,,261,,,,,http://www.redfin.com/CA/Menlo-Park/617-Partridge-Ave-94025/home/2027593,,,N,Y,37.4483061,-122.1753212
PAST SALE,April-18-2017,Single Family Residential,1040 Hermosa Way,MENLO PARK,CA,94025,4225000,5,4.0,MENLO PARK,3259,12600,2010,287,1296,,Sold,,,http://www.redfin.com/CA/Menlo-Park/1040-Hermosa-Way-94025/home/108551479,MLSListings,ML81639987,N,Y,37.4430257,-122.1913176
PAST SALE,,Single Family Residential,68 Politzer Dr,Menlo Park,CA,94025,669000,4,2.0,,2621,10745,1958,,255,,,,,http://www.redfin.com/CA/Menlo-Park/68-Politzer-Dr-94025/home/1463259,,,N,Y,37.442494,-122.198061
PAST SALE,May-8-2017,Single Family Residential,668 Partridge Ave,MENLO PARK,CA,94025,2425000,3,2.5,MENLO PARK,2185,8460,2006,267,1110,,Sold,,,http://www.redfin.com/CA/Menlo-Park/668-Partridge-Ave-94025/home/91654148,MLSListings,ML81636375,Y,Y,37.4480794,-122.1760263
PAST SALE,April-12-2017,Condo/Co-op,724 Oak Grove Ave #10,MENLO PARK,CA,94025,800000,1,1.5,MENLO PARK,662,16488,1985,293,1208,260,Sold,,,http://www.redfin.com/CA/Menlo-Park/724-Oak-Grove-Ave-94025/unit-10/home/1031099,MLSListings,ML81638755,N,Y,37.4522671,-122.1864682
PAST SALE,May-12-2017,Single Family Residential,628 Harvard Ave,MENLO PARK,CA,94025,2130000,3,2.5,MENLO PARK,1480,923,1997,263,1439,,Sold,,,http://www.redfin.com/CA/Menlo-Park/628-Harvard-Ave-94025/home/2059463,MLSListings,ML81645011,N,Y,37.447398,-122.173982
PAST SALE,May-5-2017,Single Family Residential,375 Santa Rita Ave,MENLO PARK,CA,94025,7400000,5,5.0,MENLO PARK,5500,14181,2005,270,1345,,Sold,,,http://www.redfin.com/CA/Menlo-Park/375-Santa-Rita-Ave-94025/home/1817035,MLSListings,ML81637133,N,Y,37.440274,-122.1839219
PAST SALE,May-5-2017,Condo/Co-op,907 Menlo Ave,MENLO PARK,CA,94025,1600000,2,2.0,MENLO PARK,1250,5345,1961,270,1280,200,Sold,,,http://www.redfin.com/CA/Menlo-Park/907-Menlo-Ave-94025/unit-4/home/2055784,MLSListings,ML81646994,N,Y,37.448506,-122.185364
PAST SALE,May-9-2017,Multi-Family (5+ Unit),564 University Dr,MENLO PARK,CA,94025,4400000,3,,MENLO PARK,4551,7501,1954,266,967,,Sold,,,http://www.redfin.com/CA/Menlo-Park/564-University-Dr-94025/home/892291,MLSListings,ML81564826,N,Y,37.4470964,-122.1814535
PAST SALE,April-18-2017,Single Family Residential,480 Cotton St,MENLO PARK,CA,94025,3400000,4,2.0,MENLO PARK,2080,10000,1949,287,1635,,Sold,,,http://www.redfin.com/CA/Menlo-Park/480-Cotton-St-94025/home/1112482,MLSListings,ML81643048,N,Y,37.4390127,-122.1861584
PAST SALE,July-14-2017,Townhouse,165 E Okeefe St #6,MENLO PARK,CA,94025,680000,2,1.5,MENLO PARK,1182,43151,1983,200,575,495,Sold,,,http://www.redfin.com/CA/MENLO-PARK/165-E-Okeefe-St-94025/unit-6/home/113977636,MLSListings,ML81652302,N,Y,37.4484914,-122.1802812
PAST SALE,July-20-2017,Single Family Residential,299 Menlo Oaks Dr,MENLO PARK,CA,94025,5325000,5,4.5,MENLO PARK,4720,18496,1997,194,1128,,Sold,,,http://www.redfin.com/CA/Menlo-Park/299-Menlo-Oaks-Dr-94025/home/857306,MLSListings,ML81653942,N,Y,37.462324,-122.1718234
PAST SALE,March-30-2017,Single Family Residential,797 Live Oak Ave,MENLO PARK,CA,94025,2410000,4,3.0,MENLO PARK,830,7345,1933,306,2904,,Sold,,,http://www.redfin.com/CA/Menlo-Park/797-Live-Oak-Ave-94025/home/1222138,MLSListings,ML81642060,N,Y,37.4494255,-122.1827129
PAST SALE,March-20-2017,Single Family Residential,709 Harvard Ave,MENLO PARK,CA,94025,2820000,4,2.0,MENLO PARK,2970,10080,1936,316,949,,Sold,,,http://www.redfin.com/CA/Menlo-Park/709-Harvard-Ave-94025/home/888742,MLSListings,ML81643106,N,Y,37.446453,-122.1740131
PAST SALE,July-14-2017,Single Family Residential,24 Hesketh Dr,MENLO PARK,CA,94025,2750000,3,2.0,MENLO PARK,1870,10700,1955,200,1471,,Sold,,,http://www.redfin.com/CA/Menlo-Park/24-Hesketh-Dr-94025/home/1904785,MLSListings,ML81654545,N,Y,37.4411429,-122.1971172
PAST SALE,May-30-2017,Single Family Residential,56 WALNUT Ave,ATHERTON,CA,94027,2398000,4,2.5,ATHERTON,2270,6550,1989,245,1056,,Sold,,,http://www.redfin.com/CA/Atherton/56-Walnut-Ave-94027/home/1802597,MLSListings,ML81642990,N,Y,37.4614187,-122.1954082
PAST SALE,,Single Family Residential,3270 Glendale Ave,Menlo Park,CA,94025,30000,2,1.0,,1500,5600,1946,,20,,,,,http://www.redfin.com/CA/Menlo-Park/3270-Glendale-Ave-94025/home/1567687,,,N,Y,37.469127,-122.205812
PAST SALE,,Condo/Co-op,670 Creek Dr #1,Menlo Park,CA,94025,4200000,5,4.0,,2690,,2003,,1561,,,,,http://www.redfin.com/CA/Menlo-Park/670-Creek-Dr-94025/unit-1/home/1547042,,,N,Y,37.446079,-122.173413
PAST SALE,June-30-2017,Single Family Residential,4 Bassett Ln,ATHERTON,CA,94027,4350000,5,3.5,ATHERTON,3630,33300,1948,214,1198,,Sold,,,http://www.redfin.com/CA/Atherton/4-Bassett-Ln-94027/home/1258915,MLSListings,ML81636400,N,Y,37.4598155,-122.1856026
PAST SALE,June-20-2017,Single Family Residential,1003 Fremont St,MENLO PARK,CA,94025,2440000,4,3.5,MENLO PARK,2160,5650,1935,224,1130,,Sold,,,http://www.redfin.com/CA/Menlo-Park/1003-Fremont-St-94025/home/1809684,MLSListings,ML81653505,N,Y,37.4468315,-122.1872607
PAST SALE,May-17-2017,Single Family Residential,1691 Stone Pine Ln,MENLO PARK,CA,94025,2200000,3,2.5,MENLO PARK,2500,1890,1973,258,880,250,Sold,,,http://www.redfin.com/CA/Menlo-Park/1691-Stone-Pine-Ln-94025/home/1173646,MLSListings,ML81643035,N,Y,37.460118,-122.191491
PAST SALE,July-25-2017,Townhouse,617 Middle Ave,MENLO PARK,CA,94025,1530000,3,2.5,MENLO PARK,1420,1785,1980,189,1077,445,Sold,,,http://www.redfin.com/CA/Menlo-Park/617-Middle-Ave-94025/home/1454980,MLSListings,ML81656984,N,Y,37.449624,-122.177248
PAST SALE,May-30-2017,Single Family Residential,610 11th Ave,MENLO PARK,CA,94025,1350000,3,3.0,MENLO PARK,1390,5350,1940,245,971,,Sold,,,http://www.redfin.com/CA/Menlo-Park/610-Eleventh-Ave-94025/home/846525,MLSListings,ML81648183,N,Y,37.4745025,-122.1962024
PAST SALE,July-25-2017,Single Family Residential,115 Gloria Cir,MENLO PARK,CA,94025,4525000,6,3.0,MENLO PARK,4180,10332,1997,189,1083,,Sold,,,http://www.redfin.com/CA/Menlo-Park/115-Gloria-Cir-94025/home/1407640,MLSListings,ML81651510,N,Y,37.4601928,-122.1716784
PAST SALE,July-18-2017,Multi-Family (2-4 Unit),1025 Marcussen Dr,MENLO PARK,CA,94025,2450000,5,,MENLO PARK,3092,7490,1948,196,792,,Sold,,,http://www.redfin.com/CA/Menlo-Park/1025-Marcussen-Dr-94025/home/1979907,MLSListings,ML81655441,N,Y,37.458383,-122.1775
PAST SALE,June-2-2017,Multi-Family (2-4 Unit),111 E Creek Dr,MENLO PARK,CA,94025,3500000,8,,MENLO PARK,4024,7700,1959,242,870,,Sold,,,http://www.redfin.com/CA/Menlo-Park/111-E-Creek-Dr-94025/home/1898422,MLSListings,ML81644197,N,Y,37.448165,-122.170775
PAST SALE,June-7-2017,Single Family Residential,58 Lorelei Ln,MENLO PARK,CA,94025,2000000,3,2.0,MENLO PARK,1565,5225,1956,237,1278,,Sold,,,http://www.redfin.com/CA/Menlo-Park/58-Lorelei-Ln-94025/home/1742389,MLSListings,ML81650006,N,Y,37.4776029,-122.1826016
PAST SALE,June-1-2017,Single Family Residential,1876 Valparaiso Ave,MENLO PARK,CA,94025,2745000,4,2.5,MENLO PARK,2510,13400,1958,243,1094,,Sold,,,http://www.redfin.com/CA/Menlo-Park/1876-Valparaiso-Ave-94025/home/1542349,MLSListings,ML81648180,N,Y,37.437766,-122.203586
PAST SALE,May-19-2017,Single Family Residential,73 Watkins Ave,ATHERTON,CA,94027,2925000,5,4.0,ATHERTON,2380,6550,2016,256,1229,,Sold,,,http://www.redfin.com/CA/Atherton/73-Watkins-Ave-94027/home/109073358,MLSListings,ML81646987,N,Y,37.4614735,-122.1945481
PAST SALE,June-19-2017,Single Family Residential,13 Artisan Way,MENLO PARK,CA,94025,2050000,4,2.5,MENLO PARK,1940,54160,2014,225,1057,290,Sold,,,http://www.redfin.com/CA/Menlo-Park/13-Artisan-Way-94025/unit-20/home/109581509,MLSListings,ML81651025,N,Y,37.4491205,-122.1761757
PAST SALE,July-24-2017,Single Family Residential,1109 Valparaiso Ave,MENLO PARK,CA,94025,4700000,5,5.0,MENLO PARK,3780,32802,1920,190,1243,,Sold,,,http://www.redfin.com/CA/Menlo-Park/1109-Valparaiso-Ave-94025/home/1125094,MLSListings,ML81633647,N,Y,37.4494735,-122.1922603
PAST SALE,August-15-2017,Condo/Co-op,25 Willow Rd #49,MENLO PARK,CA,94025,770250,1,1.0,MENLO PARK,800,,1976,168,963,401,Sold,,,http://www.redfin.com/CA/Menlo-Park/25-Willow-Rd-94025/unit-49/home/113163297,MLSListings,ML81639863,N,Y,37.4501243,-122.1721909
PAST SALE,June-1-2017,Single Family Residential,532 5th Ave,REDWOOD CITY,CA,94063,928000,3,2.0,REDWOOD CITY,1460,6000,1953,243,636,,Sold,,,http://www.redfin.com/CA/Redwood-City/532-Fifth-Ave-94063/home/1963850,MLSListings,ML81641833,N,Y,37.474922,-122.20242
PAST SALE,July-21-2017,Single Family Residential,79 Deodora Dr,ATHERTON,CA,94027,5200000,4,4.0,ATHERTON,3030,39856,1955,193,1716,,Sold,,,http://www.redfin.com/CA/Atherton/79-Deodora-Dr-94027/home/853007,MLSListings,ML81649239,N,Y,37.4748949,-122.1799356
PAST SALE,June-9-2017,Multi-Family (5+ Unit),975 Florence Ln,MENLO PARK,CA,94025,5200000,7,,MENLO PARK,9529,11154,1961,235,546,,Sold,,,http://www.redfin.com/CA/Menlo-Park/975-Florence-Ln-94025/home/1232958,MLSListings,ML81640444,N,Y,37.4462602,-122.183244
PAST SALE,May-12-2017,Townhouse,128 Buckthorn Way,MENLO PARK,CA,94025,1800000,3,2.5,MENLO PARK,2030,1968,1997,263,887,300,Sold,,,http://www.redfin.com/CA/Menlo-Park/128-Buckthorn-Way-94025/home/2045270,MLSListings,ML81643980,Y,Y,37.4595482,-122.1930011
PAST SALE,July-18-2017,Townhouse,977 Santa Cruz Ave,MENLO PARK,CA,94025,2175000,3,2.5,MENLO PARK,1572,10613,1999,196,1384,,Sold,,,http://www.redfin.com/CA/Menlo-Park/977-Santa-Cruz-Ave-94025/unit-2/home/1771061,MLSListings,ML81652627,N,Y,37.448654,-122.18655
PAST SALE,,Condo/Co-op,724 Oak Grove Ave #5,Menlo Park,CA,94025,6270000,1,1.0,,662,,1985,,9471,,,,,http://www.redfin.com/CA/Menlo-Park/724-Oak-Grove-Ave-94025/unit-5/home/1041719,,,N,Y,37.4522671,-122.1864682
PAST SALE,,Single Family Residential,604 San Benito Ave,Menlo Park,CA,94025,2030000,3,3.0,,2190,5350,1947,,927,,,,,http://www.redfin.com/CA/Menlo-Park/604-San-Benito-Ave-94025/home/846967,,,N,Y,37.4738326,-122.194448
PAST SALE,August-3-2017,Condo/Co-op,445 Oak Grove Ave #14,MENLO PARK,CA,94025,1335000,3,2.0,MENLO PARK,1286,41888,1975,180,1038,482,Sold,,,http://www.redfin.com/CA/Menlo-Park/445-Oak-Grove-Ave-94025/unit-14/home/1681388,MLSListings,ML81668728,N,Y,37.456481,-122.1822998
PAST SALE,May-18-2017,Single Family Residential,26 Lorelei,MENLO PARK,CA,94025,1550000,3,2.0,MENLO PARK,1370,4900,1956,257,1131,,Sold,,,http://www.redfin.com/CA/Menlo-Park/26-Lorelei-Ln-94025/home/850418,MLSListings,ML81647786,N,Y,37.477454,-122.1853892
PAST SALE,July-17-2017,Single Family Residential,1345 Bay Laurel Dr,MENLO PARK,CA,94025,5800000,3,3.0,MENLO PARK,2200,25400,1940,197,2636,,Sold,,,http://www.redfin.com/CA/Menlo-Park/1345-Bay-Laurel-Dr-94025/home/1974803,MLSListings,ML81670274,N,Y,37.438436,-122.1830354
PAST SALE,June-9-2017,Townhouse,122 Amherst Ave,MENLO PARK,CA,94025,1010000,2,2.5,MENLO PARK,1585,1208,1981,235,637,150,Sold,,,http://www.redfin.com/CA/Menlo-Park/122-Amherst-Ave-94025/home/2052444,MLSListings,ML81642882,N,Y,37.468195,-122.20586
PAST SALE,August-11-2017,Single Family Residential,184 Spruce Ave,MENLO PARK,CA,94025,1730000,3,2.0,MENLO PARK,2100,6550,1947,172,824,,Sold,,,http://www.redfin.com/CA/Menlo-Park/184-Spruce-Ave-94025/home/1037478,MLSListings,ML81671026,N,Y,37.4609666,-122.1931477
PAST SALE,August-17-2017,Single Family Residential,440 Arbor Rd,MENLO PARK,CA,94025,2312000,3,2.0,MENLO PARK,1220,5700,1951,166,1895,,Sold,,,http://www.redfin.com/CA/Menlo-Park/440-Arbor-Rd-94025/home/893053,MLSListings,ML81672123,N,Y,37.4438494,-122.1820432
PAST SALE,July-28-2017,Single Family Residential,1425 Laurel St,MENLO PARK,CA,94025,2730000,4,3.0,MENLO PARK,2370,10500,1947,186,1152,,Sold,,,http://www.redfin.com/CA/Menlo-Park/1425-Laurel-St-94025/home/1864713,MLSListings,ML81656547,N,Y,37.4587523,-122.186045
PAST SALE,,Single Family Residential,430 Blake St,Menlo Park,CA,94025,3325000,4,3.0,,2290,5000,2001,,1452,,,,,http://www.redfin.com/CA/Menlo-Park/430-Blake-St-94025/home/889585,,,N,Y,37.4478269,-122.1785035
PAST SALE,,Townhouse,807 Curtis St,Menlo Park,CA,94025,1450000,3,2.0,,1323,22599,1981,,1096,,,,,http://www.redfin.com/CA/Menlo-Park/807-Curtis-St-94025/home/1993306,,,N,Y,37.4507142,-122.1812582
PAST SALE,August-8-2017,Townhouse,1315 Hoover St,MENLO PARK,CA,94025,1625000,2,2.5,MENLO PARK,1796,27076,1973,175,905,300,Sold,,,http://www.redfin.com/CA/Menlo-Park/1315-Hoover-St-94025/home/984681,MLSListings,ML81655308,N,Y,37.453924,-122.187599
PAST SALE,,Condo/Co-op,25 Willow Rd Apt 49,Menlo Park,CA,94025,770500,1,1.0,,800,,1976,,963,,,,,http://www.redfin.com/CA/Menlo-Park/25-Willow-Rd-94025/unit-49/home/1730448,,,N,Y,37.4501243,-122.1721908
PAST SALE,,Single Family Residential,1180 Arbor Rd,Menlo Park,CA,94025,5100000,2,3.0,,3100,29185,1974,,1645,,,,,http://www.redfin.com/CA/Menlo-Park/1180-Arbor-Rd-94025/home/886491,,,N,Y,37.4486739,-122.1892512
PAST SALE,,Single Family Residential,866 Hermosa Way,Menlo Park,CA,94025,2450000,4,3.0,,4315,21708,1925,,568,,,,,http://www.redfin.com/CA/Menlo-Park/866-Hermosa-Way-94025/home/1601197,,,N,Y,37.4421205,-122.1894155
PAST SALE,,Single Family Residential,4 S Robert Dr,Menlo Park,CA,94025,10750000,6,5.0,,3900,27225,1948,,2756,,,,,http://www.redfin.com/CA/Menlo-Park/4-S-Robert-Dr-94025/home/884453,,,N,Y,37.4450162,-122.1944153
PAST SALE,,Single Family Residential,1025 Middle Ave,Menlo Park,CA,94025,2500000,3,2.0,,1500,11700,1966,,1667,,,,,http://www.redfin.com/CA/Menlo-Park/1025-Middle-Ave-94025/home/1592815,,,N,Y,37.4446544,-122.1814316
PAST SALE,August-29-2017,Single Family Residential,927 Theresa Ct,MENLO PARK,CA,94025,2000000,3,2.0,MENLO PARK,1600,7000,1974,154,1250,,Sold,,,http://www.redfin.com/CA/Menlo-Park/927-Theresa-Ct-94025/home/2043095,MLSListings,ML81671880,N,Y,37.478211,-122.180061
PAST SALE,August-31-2017,Multi-Family (2-4 Unit),729 Roble Ave,MENLO PARK,CA,94025,4300000,8,,MENLO PARK,4372,7452,1956,152,984,,Sold,,,http://www.redfin.com/CA/Menlo-Park/729-Roble-Ave-94025/home/892355,MLSListings,ML81653200,N,Y,37.4498563,-122.1811452
PAST SALE,October-10-2017,Single Family Residential,182 Buckthorn Way,MENLO PARK,CA,94025,1965000,2,2.5,MENLO PARK,2220,2210,1965,112,885,185,Sold,,,http://www.redfin.com/CA/Menlo-Park/182-Buckthorn-Way-94025/home/2037531,MLSListings,ML81679219,N,Y,37.4603469,-122.1923686
PAST SALE,October-11-2017,Single Family Residential,510 8th Ave,MENLO PARK,CA,94025,1365000,3,1.0,MENLO PARK,1250,5350,1952,111,1092,,Sold,,,http://www.redfin.com/CA/Menlo-Park/510-Eighth-Ave-94025/home/1959129,MLSListings,ML81678166,N,Y,37.4741079,-122.1995842
PAST SALE,,Single Family Residential,176 Encinal Ave,Atherton,CA,94027,3500000,6,7.0,,8513,92783,2017,,411,,,,,http://www.redfin.com/CA/Atherton/176-Encinal-Ave-94027/home/1556370,,,N,Y,37.4631094,-122.1850048
PAST SALE,April-28-2017,Single Family Residential,1335 N Lemon,MENLO PARK,CA,94025,2831000,3,1.0,MENLO PARK,1280,10200,1950,277,2212,,Sold,,,http://www.redfin.com/CA/Menlo-Park/1335-N-Lemon-Ave-94025/home/885673,MLSListings,ML81648170,N,Y,37.4381853,-122.2001817
PAST SALE,,Multi-Family (2-4 Unit),615 Partridge Ave,Menlo Park,CA,94025,1015000,5,5.0,,2534,9450,1945,,401,,,,,http://www.redfin.com/CA/Menlo-Park/615-Partridge-Ave-94025/home/1259640,,,N,Y,37.4483839,-122.1751527
PAST SALE,June-6-2017,Condo/Co-op,1231 Mills St,MENLO PARK,CA,94025,974000,2,1.5,MENLO PARK,1070,9083,1980,238,910,460,Sold,,,http://www.redfin.com/CA/Menlo-Park/1231-Mills-St-94025/unit-3/home/1928665,MLSListings,ML81648968,N,Y,37.456324,-122.184047
PAST SALE,,Condo/Co-op,150 Alma St Apt 102,Menlo Park,CA,94025,1040909,2,2.0,,1275,,1975,,816,,,,,http://www.redfin.com/CA/Menlo-Park/150-Alma-St-94025/unit-102/home/982651,,,N,Y,37.4487463,-122.1714836
PAST SALE,September-15-2017,Single Family Residential,1394 San Mateo Dr,MENLO PARK,CA,94025,5000000,3,3.0,MENLO PARK,3295,39586,1941,137,1517,,Sold,,,http://www.redfin.com/CA/Menlo-Park/1394-San-Mateo-Dr-94025/home/1408042,MLSListings,ML81650428,N,Y,37.4476761,-122.193745
PAST SALE,,Single Family Residential,10 Maywood Ln,Menlo Park,CA,94025,6800000,7,3.0,,5920,44000,1910,,1149,,,,,http://www.redfin.com/CA/Menlo-Park/10-Maywood-Ln-94025/home/2043224,,,N,Y,37.4414098,-122.1818831
PAST SALE,July-17-2017,Single Family Residential,519 Placitas Ave,MENLO PARK,CA,94025,2700000,3,2.0,MENLO PARK,2370,10001,1998,197,1139,,Sold,,,http://www.redfin.com/CA/Menlo-Park/519-Placitas-Ave-94025/home/1907576,MLSListings,ML81656566,N,Y,37.472744,-122.1968019
PAST SALE,October-24-2017,Multi-Family (2-4 Unit),190 Amherst Ave,MENLO PARK,CA,94025,1800000,5,,MENLO PARK,2910,6900,1966,98,619,,Sold,,,http://www.redfin.com/CA/Menlo-Park/190-Amherst-Ave-94025/home/1931961,MLSListings,ML81673849,N,Y,37.468827,-122.205188
PAST SALE,,Single Family Residential,616 9th Ave,Menlo Park,CA,94025,1349000,2,1.0,,1078,6741,1939,,1251,,,,,http://www.redfin.com/CA/Menlo-Park/616-9th-Ave-94025/home/1959119,,,N,Y,37.4752209,-122.1978372
PAST SALE,October-3-2017,Single Family Residential,523 Encina Ave,MENLO PARK,CA,94025,3300000,5,4.5,MENLO PARK,3500,8800,2006,119,943,,Sold,,,http://www.redfin.com/CA/Menlo-Park/523-Encina-Ave-94025/home/1963873,MLSListings,ML81675703,N,Y,37.4733176,-122.1978553
PAST SALE,September-29-2017,Single Family Residential,1450 Mills Ct,MENLO PARK,CA,94025,3050000,3,2.0,MENLO PARK,2350,12510,1947,123,1298,,Sold,,,http://www.redfin.com/CA/Menlo-Park/1450-Mills-Ct-94025/home/1710003,MLSListings,ML81675512,N,Y,37.4586813,-122.1870418
PAST SALE,,Multi-Family (2-4 Unit),700 Hermosa Way,Menlo Park,CA,94025,3122500,1,1.0,,360,21816,1926,,8674,,,,,http://www.redfin.com/CA/Menlo-Park/700-Hermosa-Way-94025/home/890076,,,N,Y,37.4412743,-122.1879395
PAST SALE,,Multi-Family (2-4 Unit),1035 Marcussen Dr,Menlo Park,CA,94025,2400000,5,2.0,,3190,7560,1950,,752,,,,,http://www.redfin.com/CA/Menlo-Park/1035-Marcussen-Dr-94025/home/1435071,,,N,Y,37.458487,-122.177703
PAST SALE,November-8-2017,Single Family Residential,624 Olive St,MENLO PARK,CA,94025,5250000,5,4.5,MENLO PARK,3298,10710,2017,83,1592,,Sold,,,http://www.redfin.com/CA/Menlo-Park/624-Olive-St-94025/home/1155031,MLSListings,ML81677324,N,Y,37.4384902,-122.1895772
PAST SALE,November-13-2017,Mobile/Manufactured Home,3499 E Bayshore Rd #62,REDWOOD CITY,CA,94063,50000,2,1.5,REDWOOD CITY,650,,2001,78,77,,Sold,,,http://www.redfin.com/CA/Redwood-City/3499-E-Bayshore-Rd-94063/home/141778142,MLSListings,ML81668003,N,Y,37.4870017,-122.1903556
PAST SALE,October-13-2017,Other,806 Fremont St,MENLO PARK,CA,94025,3950000,6,6.0,MENLO PARK,3286,10230,1954,109,1202,,Sold,,,http://www.redfin.com/CA/Menlo-Park/806-Fremont-St-94025/home/1865104,MLSListings,ML81673933,N,Y,37.446045,-122.184894
PAST SALE,October-23-2017,Other,802 Fremont St,MENLO PARK,CA,94025,3950000,6,,MENLO PARK,3286,10230,1989,99,1202,,Sold,,,http://www.redfin.com/CA/Menlo-Park/802-Fremont-St-94025/home/1535930,MLSListings,ML81678707,N,Y,37.44625,-122.184729
PAST SALE,October-24-2017,Single Family Residential,190 Encinal Ave,ATHERTON,CA,94027,6800000,5,4.0,ATHERTON,3765,40734,1952,98,1806,,Sold,,,http://www.redfin.com/CA/Atherton/190-Encinal-Ave-94027/home/1258907,MLSListings,ML81681325,N,Y,37.464042,-122.1850985
PAST SALE,October-30-2017,Single Family Residential,197 Greenoaks Dr,ATHERTON,CA,94027,6550000,5,5.5,ATHERTON,5720,40890,1949,92,1145,,Sold,,,http://www.redfin.com/CA/Atherton/197-Greenoaks-Dr-94027/home/1050062,MLSListings,ML81679231,N,Y,37.4725442,-122.172792
PAST SALE,November-15-2017,Single Family Residential,42 Watkins Ave,ATHERTON,CA,94027,2650000,4,2.5,ATHERTON,2890,6550,1984,76,917,,Sold,,,http://www.redfin.com/CA/Atherton/42-Watkins-Ave-94027/home/1988413,MLSListings,ML81680821,N,Y,37.4605869,-122.194674
PAST SALE,November-17-2017,Condo/Co-op,1312 University Dr,MENLO PARK,CA,94025,2915000,4,3.0,MENLO PARK,2350,2181,1975,74,1240,700,Sold,,,http://www.redfin.com/CA/Menlo-Park/1312-University-Dr-94025/home/1454903,MLSListings,ML81681963,N,Y,37.4518162,-122.1892789
PAST SALE,,Single Family Residential,1321 Hobart St,Menlo Park,CA,94025,4650000,6,4.0,,2993,10003,2013,,1554,,,,,http://www.redfin.com/CA/Menlo-Park/1321-Hobart-St-94025/home/1556883,,,N,Y,37.4431744,-122.1962096
PAST SALE,November-17-2017,Single Family Residential,1751 Stone Pine Ln,MENLO PARK,CA,94025,2100000,2,2.5,MENLO PARK,3035,1898,1965,74,692,185,Sold,,,http://www.redfin.com/CA/Menlo-Park/1751-Stone-Pine-Ln-94025/home/2009401,MLSListings,ML81680032,N,Y,37.460459,-122.192044
PAST SALE,,Multi-Family (2-4 Unit),773 Partridge Ave #75,Menlo Park,CA,94025,287500,5,2.0,,2840,7500,1947,,101,,,,,http://www.redfin.com/CA/Menlo-Park/773-Partridge-Ave-94025/unit-75/home/1776527,,,N,Y,37.446805,-122.176513
PAST SALE,November-29-2017,Multi-Family (5+ Unit),1002 Roble Ave,MENLO PARK,CA,94025,8000000,,,MENLO PARK,16238,22078,1986,62,493,,Sold,,,http://www.redfin.com/CA/Menlo-Park/1002-Roble-Ave-94025/home/2051562,MLSListings,ML81652185,N,Y,37.4465488,-122.184669
PAST SALE,December-29-2017,Single Family Residential,732 San Benito Ave,MENLO PARK,CA,94025,1575000,3,2.0,MENLO PARK,1140,5350,1930,32,1382,,Sold,,,http://www.redfin.com/CA/Menlo-Park/732-San-Benito-Ave-94025/home/847363,MLSListings,ML81684647,N,Y,37.4758469,-122.1931938
PAST SALE,December-29-2017,Single Family Residential,1898 Camino A Los Cerros,MENLO PARK,CA,94025,3400000,4,3.5,MENLO PARK,2465,5627,2017,32,1379,,Sold,,,http://www.redfin.com/CA/Menlo-Park/1898-Camino-A-Los-Cerros-94025/home/2009565,MLSListings,ML81683137,N,Y,37.4392931,-122.2065745
PAST SALE,May-11-2017,Condo/Co-op,150 Alma St #102,MENLO PARK,CA,94025,1040880,2,2.0,MENLO PARK,1275,35303,1975,264,816,639,Sold,,,http://www.redfin.com/CA/Menlo-Park/150-Alma-St-94025/unit-102/home/113611380,MLSListings,ML81644447,N,Y,37.448746,-122.1714836
PAST SALE,July-11-2017,Single Family Residential,1 Princeton Rd,MENLO PARK,CA,94025,6800000,6,5.5,MENLO PARK,4783,10125,2014,203,1422,,Sold,,,http://www.redfin.com/CA/Menlo-Park/1-Princeton-Rd-94025/home/113781758,MLSListings,ML81648176,N,Y,37.4418811,-122.1771641
PAST SALE,December-22-2017,Single Family Residential,53 Politzer Dr,MENLO PARK,CA,94025,6595000,6,6.0,MENLO PARK,4872,10000,2017,39,1354,,Sold,,,http://www.redfin.com/CA/Menlo-Park/53-Politzer-Dr-94025/home/2041339,MLSListings,ML81654525,N,Y,37.4415117,-122.1972119
PAST SALE,March-31-2017,Single Family Residential,892 15th Ave,MENLO PARK,CA,94025,990000,2,1.0,MENLO PARK,990,5300,1950,305,1000,,Sold,,,http://www.redfin.com/CA/Menlo-Park/892-Fifteenth-Ave-94025/home/1947346,MLSListings,ML81638691,N,Y,37.4761968,-122.1873779
PAST SALE,December-29-2017,Single Family Residential,352 Hedge Rd,MENLO PARK,CA,94025,1835000,3,1.0,MENLO PARK,1205,5550,1949,32,1523,,Sold,,,http://www.redfin.com/CA/Menlo-Park/352-Hedge-Rd-94025/home/1567211,MLSListings,ML81685554,N,Y,37.4762727,-122.173607
PAST SALE,,Single Family Residential,1120 Rosefield Way,Menlo Park,CA,94025,3700000,6,4.0,,3050,10080,1948,,1213,,,,,http://www.redfin.com/CA/Menlo-Park/1120-Rosefield-Way-94025/home/1308135,,,N,Y,37.4430142,-122.1923757
PAST SALE,January-19-2018,Single Family Residential,455 San Mateo Dr,MENLO PARK,CA,94025,6350000,5,6.0,MENLO PARK,5456,10240,2017,11,1164,,Sold,,,http://www.redfin.com/CA/Menlo-Park/455-San-Mateo-Dr-94025/home/892983,MLSListings,ML81680030,N,Y,37.4414637,-122.1839133
PAST SALE,,Single Family Residential,1301 Hobart St,Menlo Park,CA,94025,3200000,3,2.0,,2260,10010,1952,,1416,,,,,http://www.redfin.com/CA/Menlo-Park/1301-Hobart-St-94025/home/1259538,,,N,Y,37.4425874,-122.1958362
PAST SALE,December-28-2017,Single Family Residential,523 Palmer Ln,MENLO PARK,CA,94025,3400000,4,3.5,MENLO PARK,3152,10000,2008,33,1079,,Sold,,,http://www.redfin.com/CA/Menlo-Park/523-Palmer-Ln-94025/home/17307977,MLSListings,ML81685460,Y,Y,37.4720859,-122.194056
PAST SALE,January-26-2018,Mobile/Manufactured Home,3499 E Bayshore Rd #13,REDWOOD CITY,CA,94063,125000,2,1.0,REDWOOD CITY,784,,1980,4,159,,Sold,,,http://www.redfin.com/CA/Redwood-City/3499-E-Bayshore-Rd-94063/unit-13/home/1746575,MLSListings,ML81672784,N,Y,37.4870017,-122.1903556
PAST SALE,,Single Family Residential,1770 Rutgers St,East Palo Alto,CA,94303,415000,3,1.0,,1450,7500,1953,,286,,,,,http://www.redfin.com/CA/East-Palo-Alto/1770-Rutgers-St-94303/home/1660555,,,N,Y,37.4816925,-122.135001
PAST SALE,July-12-2017,Single Family Residential,1680 Tulane Ave,EAST PALO ALTO,CA,94303,810000,3,1.0,EAST PALO ALTO,1010,5000,1953,202,802,,Sold,,,http://www.redfin.com/CA/East-Palo-Alto/1680-Tulane-Ave-94303/home/1959222,MLSListings,ML81651590,N,Y,37.4812258,-122.1375613
PAST SALE,August-23-2017,Single Family Residential,2590 Gloria Way,EAST PALO ALTO,CA,94303,850000,3,2.0,EAST PALO ALTO,1100,5000,1956,160,773,,Sold,,,http://www.redfin.com/CA/East-Palo-Alto/2590-Gloria-Way-94303/home/2048847,MLSListings,ML81655999,N,Y,37.4751188,-122.1416295
PAST SALE,,Single Family Residential,669 Everett Ave,Palo Alto,CA,94301,3300000,4,3.0,,2215,5600,1925,,1490,,,,,http://www.redfin.com/CA/Palo-Alto/669-Everett-Ave-94301/home/1147482,,,N,Y,37.452218,-122.159656
PAST SALE,,Single Family Residential,209 Webster St,Palo Alto,CA,94301,2750000,2,2.0,,1706,5600,1920,,1612,,,,,http://www.redfin.com/CA/Palo-Alto/209-Webster-St-94301/home/812662,,,N,Y,37.4518998,-122.1612907
PAST SALE,February-9-2017,Single Family Residential,658 11th Ave,MENLO PARK,CA,94025,868888,3,1.5,MENLO PARK,920,2675,1954,355,944,,Sold,,,http://www.redfin.com/CA/Menlo-Park/658-Eleventh-Ave-94025/home/1535056,MLSListings,ML81634619,N,Y,37.4752016,-122.1956906
PAST SALE,,Single Family Residential,688 Twelfth Ave,Menlo Park,CA,94025,2300000,4,4.0,,2743,5700,2016,,838,,,,,http://www.redfin.com/CA/Menlo-Park/688-Twelfth-Ave-94025/home/1886812,,,N,Y,37.475306,-122.194676
PAST SALE,,Single Family Residential,4021 Fair Oaks Ave,Menlo Park,CA,94025,1475000,7,5.0,,2360,5000,1973,,625,,,,,http://www.redfin.com/CA/Menlo-Park/4021-Fair-Oaks-Ave-94025/home/1111481,,,N,Y,37.474931,-122.1924009
PAST SALE,March-16-2017,Single Family Residential,2003 Camino al Lago,MENLO PARK,CA,94027,2575000,3,2.0,MENLO PARK,1980,8640,1940,320,1301,,Sold,,,http://www.redfin.com/CA/Menlo-Park/2003-Camino-Al-Lago-94027/home/2054468,MLSListings,ML81638523,N,Y,37.438077,-122.210781
PAST SALE,March-28-2017,Townhouse,690 Sand Hill Cir,MENLO PARK,CA,94025,1800000,3,2.5,MENLO PARK,2180,1950,1976,308,826,500,Sold,,,http://www.redfin.com/CA/Menlo-Park/690-Sand-Hill-Cir-94025/home/1953359,MLSListings,ML81637447,N,Y,37.4219269,-122.219695
PAST SALE,,Single Family Residential,2331 Blueridge Ave,Menlo Park,CA,94025,1153000,3,2.0,,1440,10400,1960,,801,,,,,http://www.redfin.com/CA/Menlo-Park/2331-Blueridge-Ave-94025/home/1601399,,,N,Y,37.4242947,-122.2024374
PAST SALE,April-21-2017,Townhouse,11 Susan Gale Ct,MENLO PARK,CA,94025,2000000,2,2.5,MENLO PARK,2270,4638,1985,284,881,575,Sold,,,http://www.redfin.com/CA/Menlo-Park/11-Susan-Gale-Ct-94025/home/900874,MLSListings,ML81638682,N,Y,37.431427,-122.21188
PAST SALE,,Single Family Residential,298 Stanford Ave,Menlo Park,CA,94025,4600000,6,4.0,,3399,9040,2016,,1353,,,,,http://www.redfin.com/CA/Menlo-Park/298-Stanford-Ave-94025/home/1650783,,,N,Y,37.4292765,-122.1946198
PAST SALE,April-7-2017,Single Family Residential,1982 Camino A Los Cerros,MENLO PARK,CA,94025,5005000,5,4.5,MENLO PARK,4190,11261,2009,298,1195,,Sold,,,http://www.redfin.com/CA/Menlo-Park/1982-Camino-A-Los-Cerros-94025/home/21967847,MLSListings,ML81637542,N,Y,37.4381381,-122.2090236
PAST SALE,,Condo/Co-op,2140 Santa Cruz Ave Apt E103,Menlo Park,CA,94025,850000,2,2.0,,1203,,1978,,707,,,,,http://www.redfin.com/CA/Menlo-Park/2140-Santa-Cruz-Ave-94025/unit-E103/home/1261965,,,N,Y,37.426409,-122.19473
PAST SALE,April-7-2017,Single Family Residential,1980 Santa Cruz Ave,MENLO PARK,CA,94025,2800000,4,3.5,MENLO PARK,2311,5500,2017,298,1212,,Sold,,,http://www.redfin.com/CA/Menlo-Park/1980-Santa-Cruz-Ave-94025/home/1194705,MLSListings,ML81635539,N,Y,37.433776,-122.1981248
PAST SALE,,Single Family Residential,1791 Oakdell Dr,Menlo Park,CA,94025,3200000,3,2.0,,1840,11550,1950,,1739,,,,,http://www.redfin.com/CA/Menlo-Park/1791-Oakdell-Dr-94025/home/1999858,,,N,Y,37.4352543,-122.1910942
PAST SALE,April-20-2017,Townhouse,1270 Trinity Dr,MENLO PARK,CA,94025,2050000,3,3.0,MENLO PARK,2840,3248,1987,285,722,575,Sold,,,http://www.redfin.com/CA/Menlo-Park/1270-Trinity-Dr-94025/home/1125529,MLSListings,ML81635058,N,Y,37.430317,-122.213306
PAST SALE,,Multi-Family (2-4 Unit),3618 Alameda de las Pulgas,Menlo Park,CA,94025,9000000,14,1.5,,8964,10200,1964,,1004,,,,,http://www.redfin.com/CA/Menlo-Park/3618-Alameda-de-las-Pulgas-94025/home/895250,,,N,Y,37.4312983,-122.2011908
PAST SALE,May-1-2017,Single Family Residential,28 Sneckner Ct,MENLO PARK,CA,94025,3000000,4,3.5,MENLO PARK,3970,10890,1991,274,756,,Sold,,,http://www.redfin.com/CA/Menlo-Park/28-Sneckner-Ct-94025/home/1898810,MLSListings,ML81640224,N,Y,37.4154077,-122.1887949
PAST SALE,May-10-2017,Single Family Residential,2315 Loma Prieta Ln,MENLO PARK,CA,94025,2760000,3,2.5,MENLO PARK,2010,15000,1959,265,1373,,Sold,,,http://www.redfin.com/CA/Menlo-Park/2315-Loma-Prieta-Ln-94025/home/1837494,MLSListings,ML81645736,N,Y,37.4257111,-122.2036914
PAST SALE,June-1-2017,Condo/Co-op,2140 Santa Cruz Ave Unit C304,MENLO PARK,CA,94025,730000,1,1.0,MENLO PARK,840,92599,1978,243,869,650,Sold,,,http://www.redfin.com/CA/Menlo-Park/2140-Santa-Cruz-Ave-94025/unit-C304/home/113846448,MLSListings,ML81649206,N,Y,37.426409,-122.19473
PAST SALE,,Single Family Residential,931 Cloud Ave,Menlo Park,CA,94025,1750000,2,1.0,,930,5096,1939,,1882,,,,,http://www.redfin.com/CA/Menlo-Park/931-Cloud-Ave-94025/home/2022222,,,N,Y,37.4326275,-122.1986693
PAST SALE,June-23-2017,Single Family Residential,111 Leland Ave,MENLO PARK,CA,94025,3552000,4,3.5,MENLO PARK,2886,6780,2017,221,1231,,Sold,,,http://www.redfin.com/CA/Menlo-Park/111-Leland-Ave-94025/home/1269475,MLSListings,ML81649759,Y,Y,37.4273504,-122.1918787
PAST SALE,,Single Family Residential,1331 Orange Ave,Menlo Park,CA,94025,3300000,4,3.0,,2840,6250,2008,,1162,,,,,http://www.redfin.com/CA/Menlo-Park/1331-Orange-Ave-94025/home/2058226,,,N,Y,37.4362506,-122.2017278
PAST SALE,,Single Family Residential,1330 Cloud Ave,Menlo Park,CA,94025,2500000,3,2.0,,1510,7000,1959,,1656,,,,,http://www.redfin.com/CA/Menlo-Park/1330-Cloud-Ave-94025/home/1351861,,,N,Y,37.4352786,-122.2027457
PAST SALE,July-14-2017,Single Family Residential,2063 Gordon Ave,MENLO PARK,CA,94025,2488000,4,3.0,MENLO PARK,2550,5000,1996,200,976,,Sold,,,http://www.redfin.com/CA/Menlo-Park/2063-Gordon-Ave-94025/home/1240984,MLSListings,ML81647002,Y,Y,37.4325808,-122.2017503
PAST SALE,June-30-2017,Condo/Co-op,2140 Santa Cruz Ave Unit A102,MENLO PARK,CA,94025,838000,2,2.0,MENLO PARK,1230,84294,1978,214,681,750,Sold,,,http://www.redfin.com/CA/Menlo-Park/2140-Santa-Cruz-Ave-94025/unit-A102/home/1148116,MLSListings,ML81644987,N,Y,37.426409,-122.19473
PAST SALE,,Single Family Residential,2098 Cedar Ave,Menlo Park,CA,94025,2823000,4,3.0,,2599,5664,1922,,1086,,,,,http://www.redfin.com/CA/Menlo-Park/2098-Cedar-Ave-94025/home/1718828,,,N,Y,37.4347749,-122.2066964
PAST SALE,May-26-2017,Single Family Residential,1040 Continental Dr,MENLO PARK,CA,94025,3100000,5,2.5,MENLO PARK,2910,16764,1964,249,1065,,Sold,,,http://www.redfin.com/CA/Menlo-Park/1040-Continental-Dr-94025/home/1463556,MLSListings,ML81643974,N,Y,37.4291493,-122.211316
PAST SALE,July-11-2017,Townhouse,2468 Sharon Oaks Dr,MENLO PARK,CA,94025,2000000,2,2.0,MENLO PARK,2210,3148,1968,203,905,750,Sold,,,http://www.redfin.com/CA/Menlo-Park/2468-Sharon-Oaks-Dr-94025/home/1016830,MLSListings,ML81653621,N,Y,37.425462,-122.196605
PAST SALE,,Single Family Residential,2316 Branner Dr,Menlo Park,CA,94025,3400000,5,3.0,,2860,16675,1963,,1189,,,,,http://www.redfin.com/CA/Menlo-Park/2316-Branner-Dr-94025/home/1887222,,,N,Y,37.4213113,-122.1917048
PAST SALE,May-26-2017,Condo/Co-op,2379 Sharon Rd,MENLO PARK,CA,94025,850000,2,1.0,MENLO PARK,1075,157051,1968,249,791,454,Sold,,,http://www.redfin.com/CA/Menlo-Park/2379-Sharon-Rd-94025/home/998049,MLSListings,ML81645200,N,Y,37.4270039,-122.198257
PAST SALE,July-20-2017,Single Family Residential,1880 Oakdell Dr,MENLO PARK,CA,94025,3900000,4,3.5,MENLO PARK,3450,12257,1948,194,1130,,Sold,,,http://www.redfin.com/CA/Menlo-Park/1880-Oakdell-Dr-94025/home/1575543,MLSListings,ML81653311,N,Y,37.4328617,-122.1943638
PAST SALE,April-21-2017,Single Family Residential,1266 Altschul Ave,MENLO PARK,CA,94025,2105000,3,2.0,MENLO PARK,1690,8208,1952,284,1246,,Sold,,,http://www.redfin.com/CA/Menlo-Park/1266-Altschul-Ave-94025/home/2050694,MLSListings,ML81641521,Y,Y,37.4317995,-122.2059207
PAST SALE,July-25-2017,Single Family Residential,2061 Ashton Ave,MENLO PARK,CA,94025,2070000,4,2.0,MENLO PARK,1580,6000,1960,189,1310,,Sold,,,http://www.redfin.com/CA/Menlo-Park/2061-Ashton-Ave-94025/home/1743062,MLSListings,ML81653101,N,Y,37.433152,-122.202477
PAST SALE,May-19-2017,Single Family Residential,2332 Eastridge Ave,MENLO PARK,CA,94025,2130000,3,3.0,MENLO PARK,1812,10400,1960,256,1175,,Sold,,,http://www.redfin.com/CA/Menlo-Park/2332-Eastridge-Ave-94025/home/1408271,MLSListings,ML81649118,Y,Y,37.4241461,-122.2022773
PAST SALE,,Townhouse,630 Sand Hill Cir,Menlo Park,CA,94025,1650000,3,2.0,,2280,1950,1975,,724,,,,,http://www.redfin.com/CA/Menlo-Park/630-Sand-Hill-Cir-94025/home/1974909,,,N,Y,37.422053,-122.220991
PAST SALE,May-17-2017,Condo/Co-op,1280 Sharon Park Dr #33,MENLO PARK,CA,94025,1375000,2,2.0,MENLO PARK,1844,,1978,258,746,897,Sold,,,http://www.redfin.com/CA/Menlo-Park/1280-Sharon-Park-Dr-94025/unit-33/home/1527437,MLSListings,ML81595714,N,Y,37.426035,-122.2192007
PAST SALE,July-12-2017,Condo/Co-op,1202 Sharon Park Dr #68,MENLO PARK,CA,94025,1155000,2,2.0,MENLO PARK,1860,305239,1978,202,621,981,Sold,,,http://www.redfin.com/CA/Menlo-Park/1202-Sharon-Park-Dr-94025/unit-68/home/2028357,MLSListings,ML81654081,N,Y,37.4262612,-122.2168689
PAST SALE,June-8-2017,Condo/Co-op,675 Sharon Park #321,MENLO PARK,CA,94025,720000,1,1.0,MENLO PARK,739,232738,1968,236,974,348,Sold,,,http://www.redfin.com/CA/Menlo-Park/675-Sharon-Park-Dr-94025/unit-321/home/1764142,MLSListings,ML81647110,N,Y,37.4224917,-122.2010545
PAST SALE,June-15-2017,Single Family Residential,1328 Orange Ave,MENLO PARK,CA,94025,2215000,3,2.0,MENLO PARK,1550,6300,1947,229,1429,,Sold,,,http://www.redfin.com/CA/Menlo-Park/1328-Orange-Ave-94025/home/885722,MLSListings,ML81649258,Y,Y,37.4368623,-122.2018295
PAST SALE,June-2-2017,Single Family Residential,2110 Monterey Ave,MENLO PARK,CA,94025,3725000,4,4.0,MENLO PARK,2670,6000,2017,242,1395,,Sold,,,http://www.redfin.com/CA/Menlo-Park/2110-Monterey-Ave-94025/home/1379891,MLSListings,ML81648846,N,Y,37.4348984,-122.2091291
PAST SALE,,Single Family Residential,2171 Monterey Ave,Menlo Park,CA,94025,400000,5,3.0,,2560,10800,1947,,156,,,,,http://www.redfin.com/CA/Menlo-Park/2171-Monterey-Ave-94025/home/2009640,,,N,Y,37.4339784,-122.2091685
PAST SALE,June-8-2017,Townhouse,33 Biltmore,MENLO PARK,CA,94025,2210000,3,2.5,MENLO PARK,2700,2848,1986,236,819,575,Sold,,,http://www.redfin.com/CA/Menlo-Park/33-Biltmore-Ln-94025/home/1617916,MLSListings,ML81651494,N,Y,37.431671,-122.213539
PAST SALE,May-25-2017,Townhouse,1290 Trinity Dr,MENLO PARK,CA,94025,2197500,3,2.5,MENLO PARK,2855,3416,1987,250,770,575,Sold,,,http://www.redfin.com/CA/Menlo-Park/1290-Trinity-Dr-94025/home/1893038,MLSListings,ML81640251,N,Y,37.430338,-122.212995
PAST SALE,July-21-2017,Townhouse,622 Sand Hill Cir,MENLO PARK,CA,94025,1725000,3,2.5,MENLO PARK,2140,1950,1976,193,806,500,Sold,,,http://www.redfin.com/CA/Menlo-Park/622-Sand-Hill-Cir-94025/home/901288,MLSListings,ML81650451,N,Y,37.421665,-122.221321
PAST SALE,July-27-2017,Single Family Residential,1030 Lassen Dr,MENLO PARK,CA,94025,3695000,6,3.5,MENLO PARK,3730,15336,1979,187,991,,Sold,,,http://www.redfin.com/CA/Menlo-Park/1030-Lassen-Dr-94025/home/1968269,MLSListings,ML81655588,N,Y,37.4284883,-122.2120521
PAST SALE,August-15-2017,Single Family Residential,321 Camino Al Lago,MENLO PARK,CA,94027,3000000,4,4.0,MENLO PARK,2490,5880,1996,168,1205,,Sold,,,http://www.redfin.com/CA/Menlo-Park/321-Camino-Al-Lago-94027/home/2044737,MLSListings,ML81654333,N,Y,37.4362629,-122.2123
PAST SALE,,Single Family Residential,2041 Mills Ave,Menlo Park,CA,94025,3265000,4,3.0,,2571,6000,2008,,1270,,,,,http://www.redfin.com/CA/Menlo-Park/2041-Mills-Ave-94025/home/896524,,,N,Y,37.4372467,-122.2102089
PAST SALE,,Single Family Residential,2190 Cedar Ave,Menlo Park,CA,94025,2800000,4,4.0,,2586,6000,2006,,1083,,,,,http://www.redfin.com/CA/Menlo-Park/2190-Cedar-Ave-94025/home/1668539,,,N,Y,37.4331116,-122.208158
PAST SALE,August-25-2017,Single Family Residential,1318 Bellair Way,MENLO PARK,CA,94025,4666600,4,3.0,MENLO PARK,3100,14000,2004,158,1505,,Sold,,,http://www.redfin.com/CA/Menlo-Park/1318-Bellair-Way-94025/home/1222216,MLSListings,ML81673911,N,Y,37.430628,-122.206918
PAST SALE,,Single Family Residential,1336 Orange Ave,Menlo Park,CA,94025,2100000,3,2.0,,1686,6300,1947,,1246,,,,,http://www.redfin.com/CA/Menlo-Park/1336-Orange-Ave-94025/home/1507116,,,N,Y,37.4370197,-122.2020882
PAST SALE,September-1-2017,Condo/Co-op,2325 Eastridge Ave #621,MENLO PARK,CA,94025,1300000,3,2.0,MENLO PARK,1270,93680,1965,151,1024,558,Sold,,,http://www.redfin.com/CA/Menlo-Park/2325-Eastridge-Ave-94025/unit-621/home/1954547,MLSListings,ML81671146,N,Y,37.424549,-122.2010086
PAST SALE,October-17-2017,Single Family Residential,1252 Bellair Way,MENLO PARK,CA,94025,3625000,4,4.0,MENLO PARK,2592,10000,1956,105,1399,,Sold,,,http://www.redfin.com/CA/Menlo-Park/1252-Bellair-Way-94025/home/1601339,MLSListings,ML81679929,Y,Y,37.4309113,-122.2060093
PAST SALE,April-12-2017,Single Family Residential,389 Vine St,MENLO PARK,CA,94025,3950000,5,4.5,MENLO PARK,3205,7509,2017,293,1232,,Sold,,,http://www.redfin.com/CA/Menlo-Park/389-Vine-St-94025/home/113438908,MLSListings,ML81642861,Y,Y,37.429612,-122.193078
PAST SALE,April-27-2017,Single Family Residential,905 Sherman Ave,MENLO PARK,CA,94025,1800000,2,2.0,MENLO PARK,1190,5500,1946,278,1513,,Sold,,,http://www.redfin.com/CA/Menlo-Park/905-Sherman-Ave-94025/home/886727,MLSListings,ML81643064,Y,Y,37.4330928,-122.1979215
PAST SALE,October-19-2017,Single Family Residential,2026 Sand Hill Rd,MENLO PARK,CA,94025,2600000,3,2.0,MENLO PARK,1660,5650,1929,103,1566,,Sold,,,http://www.redfin.com/CA/Menlo-Park/2026-Sand-Hill-Rd-94025/home/1145648,MLSListings,ML81678174,N,Y,37.4278181,-122.1913149
PAST SALE,,Single Family Residential,2108 Camino De Los Robles,Menlo Park,CA,94025,1960000,3,2.0,,2070,6000,1952,,947,,,,,http://www.redfin.com/CA/Menlo-Park/2108-Camino-De-Los-Robles-94025/home/1959493,,,N,Y,37.434589,-122.208236
PAST SALE,September-20-2017,Condo/Co-op,2140 Santa Cruz Ave Unit D104,MENLO PARK,CA,94025,775000,2,2.0,MENLO PARK,1203,92599,1978,132,644,696,Sold,,,http://www.redfin.com/CA/Menlo-Park/2140-Santa-Cruz-Ave-94025/unit-D104/home/1262033,MLSListings,ML81673019,N,Y,37.426409,-122.19473
PAST SALE,September-11-2017,Condo/Co-op,1280 Sharon Park Dr #25,MENLO PARK,CA,94025,1350000,2,2.0,MENLO PARK,1860,,1978,141,726,897,Sold,,,http://www.redfin.com/CA/Menlo-Park/1280-Sharon-Park-Dr-94025/unit-25/home/1280269,MLSListings,ML81637135,N,Y,37.426035,-122.2192007
PAST SALE,September-26-2017,Townhouse,562 Sand Hill Cir,MENLO PARK,CA,94025,1650000,3,2.5,MENLO PARK,2190,1950,1975,126,753,500,Sold,,,http://www.redfin.com/CA/Menlo-Park/562-Sand-Hill-Cir-94025/home/1920867,MLSListings,ML81668448,N,Y,37.4220339,-122.22272
PAST SALE,,Condo/Co-op,675 Sharon Park Dr Apt 108,Menlo Park,CA,94025,610000,1,1.0,,739,,1968,,825,,,,,http://www.redfin.com/CA/Menlo-Park/675-Sharon-Park-Dr-94025/unit-108/home/983091,,,N,Y,37.4224917,-122.2010545
PAST SALE,October-4-2017,Single Family Residential,2055 Sterling Ave,MENLO PARK,CA,94025,2100000,2,1.0,MENLO PARK,1100,6000,1948,118,1909,,Sold,,,http://www.redfin.com/CA/Menlo-Park/Sterling-Ave-94025/home/1557070,MLSListings,ML81678026,N,Y,37.434181,-122.204101
PAST SALE,,Single Family Residential,576 Sand Hill Cir,Menlo Park,CA,94025,1900000,3,2.0,,2202,1950,1975,,863,,,,,http://www.redfin.com/CA/Menlo-Park/576-Sand-Hill-Cir-94025/home/1145729,,,N,Y,37.42228,-122.222429
PAST SALE,,Townhouse,16 Biltmore Ln,Menlo Park,CA,94025,2164545,3,2.0,,2530,2482,1987,,856,,,,,http://www.redfin.com/CA/Menlo-Park/16-Biltmore-Ln-94025/home/1361757,,,N,Y,37.43115,-122.213833
PAST SALE,October-6-2017,Single Family Residential,2328 Eastridge Ave,MENLO PARK,CA,94025,1900000,4,3.0,MENLO PARK,1950,5200,1960,116,974,,Sold,,,http://www.redfin.com/CA/Menlo-Park/2328-Eastridge-Ave-94025/home/1343186,MLSListings,ML81671793,N,Y,37.424321,-122.202061
PAST SALE,,Condo/Co-op,2140 Santa Cruz Ave Apt E203,Menlo Park,CA,94025,909500,2,2.0,,1203,,1978,,756,,,,,http://www.redfin.com/CA/Menlo-Park/2140-Santa-Cruz-Ave-94025/unit-E203/home/1364599,,,N,Y,37.426409,-122.19473
PAST SALE,July-6-2017,Single Family Residential,128 Hillside,MENLO PARK,CA,94025,2800000,4,3.0,MENLO PARK,2950,7410,1990,208,949,,Sold,,,http://www.redfin.com/CA/Menlo-Park/128-Hillside-Ave-94025/home/1525154,MLSListings,ML81648173,N,Y,37.4334758,-122.2100156
PAST SALE,October-26-2017,Single Family Residential,2021 Ashton Ave,MENLO PARK,CA,94025,3075000,4,3.5,MENLO PARK,2850,6000,2011,96,1079,,Sold,,,http://www.redfin.com/CA/Menlo-Park/2021-Ashton-Ave-94025/home/1984556,MLSListings,ML81677107,N,Y,37.4339659,-122.2018525
PAST SALE,July-5-2017,Condo/Co-op,300 Sand Hill Cir #205,MENLO PARK,CA,94025,1950000,3,2.0,MENLO PARK,2350,17322,1974,209,830,750,Sold,,,http://www.redfin.com/CA/Menlo-Park/300-Sand-Hill-Cir-94025/unit-205/home/1911858,MLSListings,ML81649252,N,Y,37.4256911,-122.2215681
PAST SALE,October-30-2017,Single Family Residential,151 Leland Ave,MENLO PARK,CA,94025,3550000,4,3.0,MENLO PARK,2478,5650,2017,92,1433,,Sold,,,http://www.redfin.com/CA/Menlo-Park/151-Leland-Ave-94025/home/1536042,MLSListings,ML81681421,N,Y,37.4277379,-122.1923379
PAST SALE,October-30-2017,Single Family Residential,2315 Tioga Dr,MENLO PARK,CA,94025,3911000,4,4.5,MENLO PARK,4500,19000,1966,92,869,,Sold,,,http://www.redfin.com/CA/Menlo-Park/2315-Tioga-Dr-94025/home/896950,MLSListings,ML81677343,N,Y,37.4295648,-122.2129119
PAST SALE,October-18-2017,Single Family Residential,125 Garland Dr,MENLO PARK,CA,94025,4015000,4,2.0,MENLO PARK,2610,12640,1949,104,1538,,Sold,,,http://www.redfin.com/CA/Menlo-Park/125-Garland-Dr-94025/home/1308278,MLSListings,ML81678059,N,Y,37.4371547,-122.1860213
PAST SALE,August-24-2017,Single Family Residential,2415 Sharon Oaks Dr,MENLO PARK,CA,94025,1760000,3,2.5,MENLO PARK,1960,3618,1967,159,898,750,Sold,,,http://www.redfin.com/CA/Menlo-Park/2415-Sharon-Oaks-Dr-94025/home/901330,MLSListings,ML81669521,N,Y,37.4257898,-122.1958141
PAST SALE,November-16-2017,Townhouse,21 Hallmark Cir,MENLO PARK,CA,94025,3750000,4,3.5,MENLO PARK,3004,4559,1985,75,1248,575,Sold,,,http://www.redfin.com/CA/Menlo-Park/21-Hallmark-Cir-94025/home/900895,MLSListings,ML81673028,N,Y,37.4323229,-122.212473
PAST SALE,October-31-2017,Condo/Co-op,675 Sharon Park Dr #103,MENLO PARK,CA,94025,760000,1,1.0,MENLO PARK,739,232738,1968,91,1028,357,Sold,,,http://www.redfin.com/CA/Menlo-Park/675-Sharon-Park-Dr-94025/unit-103/home/2052711,MLSListings,ML81678065,N,Y,37.4224917,-122.2010545
PAST SALE,November-21-2017,Single Family Residential,510 Olive St,MENLO PARK,CA,94025,2940000,2,2.0,MENLO PARK,1663,11475,1949,70,1768,,Sold,,,http://www.redfin.com/CA/Menlo-Park/510-Olive-St-94025/home/889290,MLSListings,ML81681656,Y,Y,37.437717,-122.1881
PAST SALE,November-27-2017,Townhouse,542 Sand Hill Cir,MENLO PARK,CA,94025,1660000,3,2.5,MENLO PARK,2330,1950,1974,64,712,500,Sold,,,http://www.redfin.com/CA/Menlo-Park/542-Sand-Hill-Cir-94025/home/1592953,MLSListings,ML81680485,N,Y,37.42251,-122.22312
PAST SALE,December-1-2017,Single Family Residential,1855 Oakdell Dr,MENLO PARK,CA,94025,5980000,5,4.5,MENLO PARK,3897,13173,2017,60,1535,,Sold,,,http://www.redfin.com/CA/Menlo-Park/1855-Oakdell-Dr-94025/home/1678612,MLSListings,ML81685685,N,Y,37.4327463,-122.1931377
PAST SALE,January-16-2018,Single Family Residential,1715 Bay Laurel Dr,MENLO PARK,CA,94025,5700000,4,4.5,MENLO PARK,5315,11934,2007,14,1072,,Sold,,,http://www.redfin.com/CA/Menlo-Park/1715-Bay-Laurel-Dr-94025/home/888933,MLSListings,ML81656546,N,Y,37.433824,-122.18683
PAST SALE,December-12-2017,Single Family Residential,2191 Monterey Ave,MENLO PARK,CA,94025,2200000,2,2.0,MENLO PARK,1330,6000,1947,49,1654,,Sold,,,http://www.redfin.com/CA/Menlo-Park/2191-Monterey-Ave-94025/home/1610013,MLSListings,ML81683930,Y,Y,37.433741,-122.209441
PAST SALE,December-31-2017,Single Family Residential,2010 Avy Ave,MENLO PARK,CA,94025,1850000,2,1.0,MENLO PARK,850,6000,1950,30,2176,,Sold,,,http://www.redfin.com/CA/Menlo-Park/2010-Avy-Ave-94025/home/1678869,MLSListings,ML81687849,N,Y,37.4333981,-122.2004709
PAST SALE,April-19-2017,Single Family Residential,2151 Camino A Los Cerros,MENLO PARK,CA,94025,3650000,4,4.0,MENLO PARK,3011,6200,2017,286,1212,,Sold,,,http://www.redfin.com/CA/Menlo-Park/2151-Camino-A-Los-Cerros-94025/home/1601389,MLSListings,ML81647525,N,Y,37.4350299,-122.2108615
PAST SALE,December-18-2017,Single Family Residential,2001 Mills Ave,MENLO PARK,CA,94025,2795000,3,4.0,MENLO PARK,1940,6720,1949,43,1441,,Sold,,,http://www.redfin.com/CA/Menlo-Park/2001-Mills-Ave-94025/home/1417901,MLSListings,ML81687318,N,Y,37.437662,-122.2099019
PAST SALE,,Townhouse,2469 Sharon Oaks Dr,Menlo Park,CA,94025,1725000,2,2.0,,1700,2537,1974,,1015,,,,,http://www.redfin.com/CA/Menlo-Park/2469-Sharon-Oaks-Dr-94025/home/902479,,,N,Y,37.4245588,-122.1958446
PAST SALE,July-28-2017,Single Family Residential,803 14th Ave,MENLO PARK,CA,94025,1225000,3,1.0,MENLO PARK,1300,6000,1950,186,942,,Sold,,,http://www.redfin.com/CA/Menlo-Park/803-Fourteenth-Ave-94025/home/817955,MLSListings,ML81654390,N,Y,37.4765991,-122.1922807
PAST SALE,May-19-2017,Single Family Residential,207 Felton Dr,MENLO PARK,CA,94025,2530000,3,2.0,MENLO PARK,1450,8325,1940,256,1745,,Sold,,,http://www.redfin.com/CA/Menlo-Park/207-Felton-Dr-94025/home/853495,MLSListings,ML81645501,N,Y,37.4634474,-122.189166
PAST SALE,May-3-2017,Single Family Residential,789 17th Ave,MENLO PARK,CA,94025,1462000,3,1.0,MENLO PARK,1170,5500,1959,272,1250,,Sold,,,http://www.redfin.com/CA/Menlo-Park/789-17th-Ave-94025/home/2011819,MLSListings,ML81643969,N,Y,37.4754573,-122.1898777
PAST SALE,May-11-2017,Single Family Residential,839 Marsh Rd,MENLO PARK,CA,94025,1210000,3,2.0,MENLO PARK,1070,4700,1949,264,1131,,Sold,,,http://www.redfin.com/CA/Menlo-Park/839-Marsh-Rd-94025/home/2032048,MLSListings,ML81644983,N,Y,37.4760784,-122.1874741
PAST SALE,October-30-2017,Vacant Land,730 17th Ave,MENLO PARK,CA,94025,2100000,,,MENLO PARK,,11250,,92,,,Sold,,,http://www.redfin.com/CA/Menlo-Park/730-17th-Ave-94025/home/1276642,MLSListings,ML81679797,N,Y,37.474258,-122.189968
PAST SALE,June-26-2017,Single Family Residential,775 16th Ave,MENLO PARK,CA,94025,1780000,3,2.5,MENLO PARK,1941,3710,2013,218,917,,Sold,,,http://www.redfin.com/CA/Menlo-Park/775-16th-Ave-94025/home/39900116,MLSListings,ML81652309,N,Y,37.4757075,-122.1907786
